mine_id,location,methane_percent,co_ppm,temperature_c,humidity_percent,worker_count,attendance_percent,helmet_compliance,ppe_compliance,equipment_condition,safety_observation_level,previous_violations,contractor_compliance,emergency_equipment_ok,inspection_score,production_tonnes,compliance_risk
MINE-003,Underground-Zone-1,1.334,22.24,29.85,94.06,65,93.61,1,1,1,0,0,1,1,99.99,1023.72,Medium
MINE-001,Workshop,0.406,25.84,32.94,73.5,41,100.0,0,1,0,2,1,1,1,100.0,1855.66,Medium
MINE-003,Coal-Handling,0.05,13.85,28.76,70.14,71,91.34,1,0,1,0,2,1,1,83.27,1607.37,Medium
MINE-003,Coal-Handling,0.539,27.44,32.18,66.05,40,81.75,1,1,1,0,2,1,1,60.86,1532.04,Medium
MINE-001,Coal-Handling,0.524,13.38,31.25,77.15,9,100.0,1,0,2,0,1,1,1,100.0,1663.01,Low
MINE-001,Pit-C,0.939,22.11,29.04,86.44,50,94.5,0,1,2,0,2,1,1,92.85,1530.2,Medium
MINE-003,Workshop,0.651,4.29,34.92,80.68,83,95.72,1,1,1,0,3,1,1,91.39,1513.53,Medium
MINE-002,Pit-B,0.258,19.66,33.58,83.06,56,90.62,1,1,0,1,0,1,1,72.45,2299.34,Medium
MINE-003,Underground-Zone-1,0.45,8.25,29.59,64.96,53,92.4,1,0,0,0,4,1,1,76.42,1598.1,Medium
MINE-003,Pit-B,0.665,27.36,30.94,71.95,10,88.95,1,0,1,1,2,1,1,67.27,1190.68,Medium
MINE-003,Pit-C,0.05,26.76,29.91,65.12,14,96.42,1,1,1,1,2,1,1,86.74,1758.06,Low
MINE-003,Underground-Zone-1,1.019,13.33,28.45,73.28,100,88.14,1,1,2,1,3,1,1,71.97,1270.59,Medium
MINE-001,Coal-Handling,0.259,38.5,24.21,87.27,27,93.94,1,1,1,0,2,1,1,87.34,1256.41,Medium
MINE-003,Pit-A,1.046,15.14,29.06,77.27,21,96.82,1,0,1,2,4,1,1,68.38,2527.62,High
MINE-002,Pit-C,0.687,2.0,28.5,91.52,88,98.48,1,1,1,1,2,1,1,90.36,1708.41,Medium
MINE-001,Pit-C,0.77,10.21,31.46,68.54,48,97.19,1,1,0,0,4,0,1,81.68,1161.29,Medium
MINE-002,Workshop,0.952,7.56,32.76,62.32,45,84.86,1,1,2,1,1,1,1,94.53,1748.53,Low
MINE-002,Pit-B,0.751,21.8,27.79,78.15,19,100.0,1,1,1,1,3,1,1,100.0,1831.91,Medium
MINE-002,Pit-C,0.786,5.65,32.49,73.43,48,94.99,1,1,1,0,1,1,0,81.68,1696.46,Medium
MINE-002,Pit-C,0.492,12.61,27.18,75.87,62,92.83,1,1,1,0,0,1,1,95.75,1555.77,Low
MINE-001,Coal-Handling,0.68,21.15,30.5,74.08,90,93.53,1,1,1,1,0,0,1,95.81,1106.37,Medium
MINE-001,Coal-Handling,0.344,19.39,28.59,66.19,54,90.05,1,0,0,1,2,1,1,77.72,1592.18,High
MINE-002,Underground-Zone-1,0.43,17.87,33.98,74.35,56,88.2,1,1,1,0,1,1,1,81.38,1403.01,Low
MINE-002,Pit-A,1.238,19.26,31.47,83.68,74,88.79,1,1,1,1,1,1,1,81.53,1738.99,Medium
MINE-001,Workshop,0.267,14.29,30.56,84.91,72,98.73,0,1,1,0,3,0,1,72.33,2011.33,Medium
MINE-001,Pit-A,0.604,2.0,28.5,66.13,67,91.49,1,1,1,1,2,1,0,72.45,2675.71,Medium
MINE-001,Underground-Zone-1,0.59,14.03,29.68,74.77,62,92.69,1,1,1,0,2,1,1,93.92,2187.41,Medium
MINE-003,Coal-Handling,0.441,22.69,38.32,89.73,27,91.36,1,1,1,0,0,1,1,68.77,442.65,Medium
MINE-003,Pit-B,0.73,16.63,29.0,66.39,48,86.99,1,1,1,2,3,1,0,76.06,1911.19,High
MINE-003,Coal-Handling,0.756,21.91,32.92,64.21,87,78.12,0,1,2,1,1,1,0,73.75,2557.88,High
MINE-002,Workshop,0.226,12.13,30.55,81.53,99,95.61,1,1,1,0,0,1,1,83.98,1728.77,Low
MINE-003,Coal-Handling,0.585,27.94,32.8,79.43,48,94.98,1,1,1,0,1,1,1,100.0,2577.79,Medium
MINE-002,Workshop,0.171,2.0,34.35,61.96,56,90.93,1,0,2,1,0,1,1,75.54,1247.67,Medium
MINE-002,Workshop,0.826,19.41,29.58,55.21,71,84.46,1,1,1,1,3,1,1,59.26,1361.25,Medium
MINE-003,Workshop,0.612,31.49,33.84,74.54,32,100.0,1,1,1,1,1,1,1,79.38,1715.49,Medium
MINE-002,Underground-Zone-1,0.579,32.98,42.03,66.98,71,88.95,1,1,1,0,0,1,1,65.35,1726.9,Medium
MINE-003,Workshop,0.781,15.68,33.27,51.79,82,92.49,1,0,1,2,2,1,1,81.34,2218.36,High
MINE-003,Workshop,0.454,4.74,37.45,63.75,22,86.78,0,0,1,1,2,1,1,68.09,1800.97,High
MINE-001,Pit-B,0.87,31.66,32.92,79.23,31,82.9,1,1,2,0,0,1,1,80.12,1745.52,Medium
MINE-003,Pit-A,0.218,17.48,27.27,70.18,55,94.54,1,1,1,1,0,0,1,62.48,3038.14,Medium
MINE-001,Pit-C,1.044,16.41,32.1,90.79,64,82.0,1,1,2,0,1,1,1,74.54,1411.2,Low
MINE-003,Pit-A,0.357,9.07,29.68,46.95,78,92.37,0,1,0,1,1,1,1,65.09,2444.33,Medium
MINE-003,Workshop,0.05,5.5,28.62,88.06,53,92.39,0,0,1,0,2,1,1,94.29,2007.8,Medium
MINE-001,Pit-B,0.435,23.64,30.71,67.87,19,84.28,1,1,2,0,2,1,1,68.59,1616.73,Low
MINE-001,Coal-Handling,0.395,24.7,30.38,66.14,87,83.22,1,1,1,0,0,0,1,85.21,1929.41,Medium
MINE-003,Pit-B,0.432,20.02,26.76,53.39,77,86.38,1,1,1,0,2,1,1,80.33,1391.23,Medium
MINE-002,Workshop,0.631,10.36,41.83,77.58,72,87.23,1,1,1,0,0,0,1,80.59,1843.12,Medium
MINE-001,Pit-B,0.934,7.35,34.23,50.08,19,81.82,1,1,2,1,4,1,1,82.85,1798.01,Medium
MINE-002,Pit-B,0.483,3.68,31.98,81.81,55,84.25,1,1,0,0,1,0,1,85.84,2038.16,Medium
MINE-002,Workshop,0.308,12.39,31.36,53.84,52,91.46,1,1,1,1,3,1,1,94.98,1741.63,Low
MINE-002,Underground-Zone-1,0.156,7.94,35.81,55.73,76,100.0,1,1,0,1,0,1,1,90.13,2633.09,Medium
MINE-001,Pit-B,0.386,2.0,39.3,57.71,5,97.05,1,1,1,1,0,1,1,97.84,1358.84,Medium
MINE-002,Pit-C,0.05,24.51,33.74,63.41,11,91.96,1,1,2,0,1,1,1,64.17,1455.67,Low
MINE-001,Pit-C,0.296,4.81,31.48,83.3,57,97.77,1,1,1,0,1,1,1,60.56,1919.61,Medium
MINE-002,Pit-B,0.985,27.84,36.89,90.05,35,97.93,1,0,0,0,1,1,1,99.54,1397.2,High
MINE-003,Underground-Zone-1,0.262,21.94,31.57,64.65,22,89.17,1,1,1,1,2,1,0,85.31,2136.48,Medium
MINE-003,Coal-Handling,0.77,20.94,32.74,71.44,16,92.55,1,0,1,0,0,1,1,64.17,2457.19,Medium
MINE-001,Workshop,0.121,34.65,35.0,77.88,52,96.87,1,0,1,1,1,1,1,74.37,1540.2,High
MINE-003,Pit-C,1.17,5.14,29.45,68.05,34,97.69,1,1,1,1,0,0,1,84.98,1844.06,Medium
MINE-003,Coal-Handling,1.193,26.74,22.7,77.41,11,97.74,1,1,2,0,2,0,1,77.39,2127.35,Medium
MINE-002,Pit-B,0.757,15.02,29.26,71.95,96,84.84,1,1,1,1,3,1,1,85.96,2241.66,Medium
MINE-001,Coal-Handling,1.247,43.71,34.09,68.96,7,98.05,1,1,1,0,1,1,0,62.73,3500.0,High
MINE-002,Pit-A,0.675,14.19,33.81,54.96,67,100.0,1,0,1,2,1,1,1,77.61,1121.21,High
MINE-002,Pit-C,0.819,12.58,36.37,73.79,10,99.96,1,1,1,0,1,1,1,79.53,2547.09,Medium
MINE-002,Pit-B,0.992,22.26,29.41,83.5,99,84.49,1,1,0,0,1,1,1,68.81,1478.75,Medium
MINE-002,Workshop,0.613,15.91,37.32,62.66,19,82.98,1,1,1,0,2,1,1,74.32,1499.92,Medium
MINE-002,Underground-Zone-1,0.05,10.42,31.74,48.38,75,93.79,1,1,2,2,0,1,0,71.98,1871.5,Medium
MINE-002,Pit-B,0.826,8.3,33.42,68.17,47,99.85,1,1,1,2,2,1,1,63.58,1831.06,High
MINE-002,Workshop,0.385,32.58,34.61,90.12,98,92.36,1,1,1,0,3,0,1,69.97,2425.42,High
MINE-001,Underground-Zone-1,0.411,6.37,25.47,86.54,95,89.59,1,1,0,0,1,1,1,80.48,1064.74,Low
MINE-003,Underground-Zone-1,0.654,20.23,26.98,65.03,85,90.46,1,1,1,0,1,1,1,65.33,400.0,Medium
MINE-002,Pit-B,0.748,28.56,26.85,77.47,22,97.12,1,0,1,1,1,1,1,69.23,2766.91,High
MINE-002,Coal-Handling,0.603,29.04,35.29,79.36,26,89.07,1,0,1,0,1,1,0,55.86,1079.99,High
MINE-002,Coal-Handling,0.773,11.98,29.78,89.88,65,93.89,1,1,1,1,1,1,0,96.72,2302.53,Medium
MINE-002,Underground-Zone-1,0.303,15.94,39.11,53.39,65,90.22,1,1,1,0,1,1,1,90.04,2497.37,Medium
MINE-002,Coal-Handling,0.535,14.0,31.01,59.17,57,85.67,1,0,2,1,1,1,1,93.66,2367.31,Medium
MINE-002,Pit-A,0.847,2.65,25.11,47.88,30,85.2,1,1,1,0,0,1,1,82.69,2055.72,Low
MINE-003,Underground-Zone-1,1.17,23.38,28.31,63.86,95,94.15,1,1,1,1,0,1,1,81.83,2172.91,Medium
MINE-003,Underground-Zone-1,1.294,18.39,31.47,84.8,44,74.77,1,1,2,1,0,1,1,75.25,1538.7,Medium
MINE-002,Workshop,0.702,32.41,33.06,65.28,92,93.88,1,1,0,0,1,1,1,94.9,842.83,Medium
MINE-003,Coal-Handling,0.844,9.77,27.06,56.3,12,89.98,1,1,1,1,0,1,1,78.31,1626.22,Medium
MINE-001,Underground-Zone-1,1.244,28.89,33.27,74.72,25,96.68,1,1,1,1,1,1,1,52.52,1528.19,High
MINE-002,Pit-A,0.315,29.59,34.34,75.03,97,94.61,1,0,1,0,1,1,1,52.87,1327.71,Medium
MINE-001,Workshop,0.77,18.47,28.44,59.8,47,91.27,1,1,1,0,2,1,1,82.72,1824.78,Medium
MINE-001,Pit-B,0.819,2.0,38.88,65.93,25,84.6,1,1,1,1,4,1,1,65.53,825.31,High
MINE-002,Underground-Zone-1,1.057,12.87,28.87,73.81,7,84.92,1,1,0,2,0,1,1,79.27,2427.22,Medium
MINE-003,Pit-A,0.152,35.86,27.0,80.95,35,87.13,1,1,1,2,1,1,0,87.87,1765.19,Medium
MINE-001,Pit-C,0.221,20.97,24.88,64.21,31,96.21,1,1,1,1,1,1,1,67.22,1552.96,Medium
MINE-002,Pit-A,0.557,24.93,35.88,62.48,31,100.0,0,1,1,0,1,1,1,74.11,1645.24,Medium
MINE-001,Pit-A,0.682,17.11,31.09,94.95,77,92.98,0,1,2,0,0,1,1,74.58,1721.78,Medium
MINE-001,Workshop,0.943,15.77,29.08,68.71,61,87.46,1,1,2,0,1,1,1,66.73,1281.85,Medium
MINE-001,Pit-B,0.731,2.0,25.1,74.99,37,88.09,1,1,1,0,1,0,1,59.42,1280.02,Medium
MINE-001,Pit-C,0.497,25.95,29.44,79.78,94,88.37,0,1,1,0,3,1,1,63.8,1146.17,Medium
MINE-003,Coal-Handling,0.696,28.8,40.53,50.56,96,97.24,1,1,0,0,1,1,1,58.58,1090.34,High
MINE-001,Coal-Handling,0.655,8.49,22.42,71.78,48,88.25,1,1,2,2,0,1,1,75.69,1371.96,Medium
MINE-001,Pit-A,1.161,16.21,28.47,52.25,47,90.74,1,0,2,2,2,1,1,75.51,1726.33,High
MINE-001,Workshop,0.608,14.86,38.17,70.43,35,99.07,1,0,0,2,0,1,1,71.15,2350.53,High
MINE-003,Workshop,0.416,22.2,36.0,88.48,69,87.6,1,1,1,0,0,1,1,59.54,1011.82,Medium
MINE-001,Coal-Handling,0.707,12.56,28.72,60.02,88,94.34,1,1,2,2,1,0,1,92.37,2257.7,Medium
MINE-001,Pit-C,0.619,27.31,31.81,52.0,80,96.4,1,0,1,0,0,1,1,69.91,995.78,Medium
MINE-003,Pit-B,0.05,18.71,32.85,94.65,21,91.38,0,1,1,0,0,1,1,100.0,1848.22,Low
MINE-003,Pit-C,0.545,2.0,31.54,58.24,19,100.0,1,1,1,1,1,1,1,89.25,1041.47,Low
MINE-003,Underground-Zone-1,0.515,22.43,38.14,54.02,38,100.0,1,1,1,0,2,1,1,51.19,1167.7,High
MINE-001,Underground-Zone-1,0.36,27.96,32.36,91.43,84,92.58,0,0,0,2,0,1,1,94.05,1958.15,High
MINE-003,Pit-B,0.912,6.48,35.54,57.76,8,86.18,1,1,1,0,1,1,1,68.87,1952.42,Medium
MINE-003,Coal-Handling,0.275,22.09,31.73,91.74,76,86.46,1,1,1,0,0,1,1,65.95,2174.49,Low
MINE-001,Pit-B,0.709,36.3,22.87,75.29,93,92.28,1,1,2,0,2,1,1,74.46,1334.21,Medium
MINE-003,Workshop,0.498,19.12,26.23,87.41,83,84.46,1,0,1,2,1,1,1,92.74,2298.34,Medium
MINE-001,Underground-Zone-1,0.588,29.42,27.06,74.23,32,92.61,1,1,1,0,2,1,0,84.8,2581.66,Medium
MINE-002,Pit-A,0.694,13.58,30.0,84.96,77,100.0,1,1,1,1,0,0,1,80.37,1916.57,Medium
MINE-003,Pit-A,0.092,17.82,39.31,60.98,6,91.37,1,1,0,1,1,1,1,67.32,906.63,Medium
MINE-002,Coal-Handling,0.617,15.95,32.45,64.64,21,90.89,1,0,2,1,2,1,1,90.26,835.46,Medium
MINE-001,Workshop,1.351,14.13,30.58,46.61,62,96.12,1,1,2,0,2,1,0,65.21,1876.51,Medium
MINE-003,Pit-C,0.05,16.52,35.95,83.66,78,94.15,1,0,1,0,3,1,1,91.56,1513.89,Medium
MINE-001,Workshop,0.53,2.0,25.19,77.03,13,84.11,1,0,1,1,0,1,1,82.33,1302.18,Medium
MINE-002,Pit-A,0.943,14.69,29.04,59.91,35,88.27,1,1,1,2,2,1,1,70.26,1716.44,Medium
MINE-001,Pit-A,0.656,31.38,28.45,51.01,70,100.0,1,1,1,1,0,0,1,100.0,1620.98,Medium
MINE-003,Underground-Zone-1,0.791,8.36,32.59,75.38,92,92.95,1,1,0,0,0,1,1,89.86,1719.84,Medium
MINE-003,Workshop,0.05,7.34,34.58,92.11,66,84.96,0,1,1,0,1,1,1,85.26,1359.8,Medium
MINE-002,Workshop,0.759,18.61,32.89,70.34,23,89.85,1,1,2,0,3,1,0,79.34,2789.75,High
MINE-001,Pit-A,0.283,19.11,32.95,64.1,85,80.3,1,0,1,1,0,1,1,63.13,1256.33,Medium
MINE-003,Pit-C,0.658,21.77,29.56,60.76,78,79.85,0,1,1,0,1,1,1,78.49,1665.39,Medium
MINE-002,Coal-Handling,0.54,16.86,32.28,86.99,59,96.89,0,1,0,1,1,1,1,98.85,779.13,Medium
MINE-003,Coal-Handling,1.347,18.72,27.64,62.65,32,90.97,1,1,0,2,2,1,1,60.09,1221.77,High
MINE-003,Workshop,0.741,14.49,33.7,67.55,96,94.11,1,0,1,0,3,0,0,85.37,1149.28,High
MINE-001,Coal-Handling,0.511,5.24,29.0,84.5,54,97.95,1,1,1,0,0,1,1,96.13,1530.96,Low
MINE-003,Pit-A,0.05,17.29,26.51,79.65,69,93.04,1,0,2,2,3,1,1,96.78,1675.55,Medium
MINE-001,Pit-A,0.592,25.25,31.15,68.01,7,95.4,1,1,1,0,0,1,1,66.3,1589.08,Medium
MINE-003,Workshop,0.838,23.15,23.35,63.61,83,92.54,0,0,1,0,1,1,1,70.92,1526.48,High
MINE-002,Workshop,0.522,2.0,36.9,89.59,56,98.72,1,0,1,0,1,1,1,79.31,1907.13,Medium
MINE-003,Underground-Zone-1,0.373,20.52,34.19,58.6,14,100.0,1,1,2,0,1,1,1,83.9,1945.48,Medium
MINE-001,Workshop,0.35,9.07,32.35,69.48,25,92.2,1,1,0,1,3,1,1,94.66,609.16,Medium
MINE-001,Pit-C,0.737,31.92,24.51,53.93,41,91.95,0,1,1,0,0,0,1,75.39,2328.82,Medium
MINE-002,Coal-Handling,0.816,21.26,28.2,86.27,19,92.92,1,1,2,0,1,1,1,90.29,1930.62,Low
MINE-003,Workshop,1.026,26.96,31.16,66.3,91,90.37,1,0,0,1,2,1,1,44.67,820.38,High
MINE-003,Pit-B,0.202,18.21,29.95,63.6,82,88.6,1,1,2,0,4,1,1,74.54,2249.33,Medium
MINE-002,Underground-Zone-1,0.734,17.34,24.25,79.94,83,97.29,1,1,1,0,1,1,1,90.28,2309.85,Low
MINE-003,Pit-B,0.507,32.96,25.73,54.89,78,88.61,0,0,1,1,0,1,1,88.84,805.73,Medium
MINE-003,Pit-A,0.518,27.73,29.87,79.62,13,88.26,1,1,1,2,0,1,1,65.54,1643.87,Medium
MINE-001,Coal-Handling,0.691,19.18,25.87,67.67,48,96.39,0,0,1,0,0,1,1,91.34,1931.88,Medium
MINE-003,Workshop,0.693,16.0,36.49,57.54,43,96.85,1,1,1,0,0,1,1,59.54,2334.89,Medium
MINE-003,Pit-B,0.735,2.0,32.98,60.12,9,100.0,1,0,1,1,2,1,1,93.55,2045.7,Medium
MINE-002,Coal-Handling,0.18,21.25,27.79,63.79,29,98.32,1,0,0,1,1,1,1,75.34,1518.45,Medium
MINE-002,Pit-A,0.288,16.74,35.68,66.67,60,95.96,0,0,2,0,0,1,1,72.13,1258.73,High
MINE-001,Pit-C,1.07,23.54,34.87,57.62,94,96.83,1,1,1,0,0,0,1,74.13,1060.7,Medium
MINE-003,Underground-Zone-1,0.473,26.58,32.16,75.53,68,90.11,1,1,1,0,3,1,1,82.93,1335.88,Medium
MINE-003,Coal-Handling,0.657,30.33,30.84,57.3,76,94.37,1,1,1,1,0,0,1,100.0,2068.88,Medium
MINE-003,Coal-Handling,0.919,21.37,29.81,43.62,90,94.66,0,0,0,0,1,1,1,93.84,2260.49,High
MINE-001,Pit-C,0.712,7.54,28.84,95.04,56,87.75,1,0,1,2,1,1,1,63.09,1611.38,Medium
MINE-001,Coal-Handling,0.741,2.0,25.65,74.38,93,90.71,1,0,2,1,1,1,1,64.46,2348.21,Medium
MINE-002,Pit-A,0.863,9.75,37.11,96.11,80,96.71,1,1,0,1,2,0,1,53.22,2003.91,High
MINE-001,Pit-A,0.05,31.33,28.92,59.48,13,90.89,1,1,1,2,1,1,1,82.02,3064.05,Medium
MINE-003,Pit-C,0.379,36.23,31.11,77.76,14,94.67,1,1,1,0,1,1,0,75.8,883.76,Medium
MINE-003,Underground-Zone-1,0.714,15.62,27.36,82.74,14,96.38,0,1,1,0,0,1,0,86.16,1690.72,Medium
MINE-001,Workshop,1.036,3.39,29.96,69.73,77,96.1,1,1,2,0,0,1,1,71.49,1906.1,Low
MINE-003,Pit-B,0.573,11.52,42.4,54.67,66,100.0,1,0,0,0,1,1,0,72.85,2723.8,High
MINE-003,Workshop,0.254,29.38,28.1,68.83,94,87.51,1,1,1,0,0,1,1,59.12,1072.62,Low
MINE-001,Coal-Handling,0.264,12.09,36.79,79.52,95,100.0,1,1,0,0,4,1,0,92.34,1316.99,High
MINE-001,Pit-B,0.859,23.89,30.89,79.06,64,93.85,1,1,1,2,1,1,0,70.17,1827.52,High
MINE-003,Pit-C,0.474,19.69,33.72,71.98,99,96.0,1,1,1,1,0,1,1,67.14,1188.39,Medium
MINE-003,Pit-C,0.547,25.1,35.98,82.77,23,95.18,1,1,2,2,0,1,1,90.57,1675.75,Medium
MINE-003,Underground-Zone-1,0.765,36.18,32.09,82.2,42,94.88,1,1,1,0,1,0,1,58.82,982.28,Medium
MINE-002,Pit-B,0.05,23.9,29.59,65.72,10,87.18,1,0,0,1,2,1,1,85.15,2397.61,Medium
MINE-002,Pit-A,1.25,19.47,30.26,53.75,19,95.78,1,1,1,0,2,1,1,68.01,2639.58,Medium
MINE-002,Pit-B,0.294,37.28,30.39,74.29,97,82.37,1,1,1,0,1,1,1,76.49,2657.65,Low
MINE-001,Coal-Handling,0.635,21.5,38.46,63.04,51,100.0,1,0,1,1,1,1,0,52.85,1876.63,High
MINE-002,Pit-A,0.05,10.07,25.06,73.72,49,93.29,0,1,0,0,3,1,1,85.51,1887.63,Medium
MINE-001,Pit-C,0.402,24.87,23.92,88.15,9,97.96,1,1,0,1,0,1,1,100.0,1793.89,Low
MINE-001,Pit-B,0.986,22.47,24.18,77.25,82,95.09,1,1,1,0,1,1,0,61.58,2230.51,Medium
MINE-002,Workshop,0.05,14.92,27.42,87.56,57,91.22,1,0,2,0,0,1,1,93.02,2430.68,Low
MINE-002,Underground-Zone-1,0.944,12.82,33.8,59.86,70,87.76,1,1,1,0,1,1,1,77.39,2156.66,Medium
MINE-002,Workshop,0.454,15.02,34.05,85.05,66,86.62,0,1,2,2,0,1,1,84.95,1921.29,Medium
MINE-003,Underground-Zone-1,0.721,12.68,28.57,92.12,27,95.68,0,1,2,0,1,1,1,62.66,2152.71,Medium
MINE-002,Coal-Handling,0.78,15.34,30.89,72.77,48,95.36,1,1,1,1,0,0,1,64.58,1794.75,Medium
MINE-003,Workshop,0.704,9.57,26.53,98.0,56,94.35,0,0,2,0,0,0,0,79.14,1129.31,High
MINE-001,Pit-B,0.247,21.86,26.91,61.71,50,90.29,1,1,0,0,2,1,1,75.19,1504.23,Low
MINE-003,Pit-B,0.422,21.11,33.32,64.33,23,93.48,1,1,0,1,2,1,1,79.94,1906.48,Medium
MINE-002,Workshop,0.05,21.45,35.19,79.8,92,88.46,1,1,1,0,1,1,0,58.97,1364.81,Medium
MINE-001,Pit-B,0.722,17.38,29.09,72.65,88,86.92,1,1,1,0,0,1,1,85.94,1330.13,Low
MINE-001,Coal-Handling,1.146,16.22,37.54,63.09,51,89.34,1,1,1,0,1,0,1,83.05,2109.08,Medium
MINE-001,Pit-A,0.05,32.42,34.86,79.43,95,89.6,1,1,1,1,1,1,1,92.38,2140.25,Medium
MINE-003,Coal-Handling,0.283,18.67,37.37,76.27,56,99.79,1,1,2,0,1,1,1,82.11,1947.84,Medium
MINE-002,Underground-Zone-1,0.486,30.64,29.8,64.96,28,82.81,0,1,1,0,1,1,0,100.0,1551.13,High
MINE-001,Coal-Handling,0.611,8.04,37.08,74.27,21,90.8,1,0,1,0,1,1,0,100.0,1631.18,High
MINE-001,Underground-Zone-1,0.858,23.89,39.72,81.11,93,94.79,1,0,1,0,2,1,1,78.22,2150.02,High
MINE-001,Pit-B,0.497,10.65,29.35,64.7,50,100.0,1,1,1,0,0,1,1,77.71,1349.17,Low
MINE-003,Pit-A,0.439,12.44,30.38,78.2,68,87.36,0,1,1,0,1,1,1,67.21,1072.55,Low
MINE-003,Pit-B,0.936,13.88,27.21,61.6,99,84.3,1,0,2,0,3,1,1,60.37,2053.6,High
MINE-002,Pit-C,0.782,13.25,26.42,63.91,32,95.34,0,0,1,0,0,1,1,75.04,1740.3,Medium
MINE-003,Pit-B,0.739,13.3,26.47,85.34,54,91.99,1,1,1,1,1,1,0,69.63,2453.61,High
MINE-001,Underground-Zone-1,0.589,30.17,27.75,79.36,68,89.68,0,0,2,0,0,1,1,67.79,1267.37,Medium
MINE-002,Pit-B,0.894,18.45,32.1,49.36,32,93.63,1,1,2,0,1,0,1,82.57,2337.34,Medium
MINE-001,Pit-B,0.32,20.25,27.92,67.51,90,96.17,0,1,0,0,1,1,1,57.51,1508.11,Medium
MINE-001,Pit-A,0.273,13.43,31.98,77.88,60,95.42,1,1,0,0,1,1,1,62.63,2191.04,Low
MINE-003,Pit-B,0.811,26.57,32.06,73.67,63,92.81,1,0,2,1,1,1,1,52.37,1155.8,High
MINE-002,Pit-A,0.05,21.55,29.12,79.42,9,98.9,1,1,2,0,2,1,1,60.42,997.43,Low
MINE-003,Workshop,0.582,14.91,30.75,73.39,58,92.18,1,1,1,0,1,1,1,70.15,1975.46,Low
MINE-003,Pit-C,0.439,2.16,28.89,70.41,48,91.26,1,1,1,0,1,1,0,88.51,1662.41,Medium
MINE-002,Pit-A,0.058,20.16,29.76,70.04,46,95.28,1,1,1,0,2,1,1,100.0,1879.67,Low
MINE-001,Underground-Zone-1,0.224,23.76,27.76,85.09,76,83.44,1,1,1,1,1,1,1,55.54,1312.22,Medium
MINE-001,Workshop,0.512,8.21,31.34,80.34,96,94.69,1,1,2,0,1,1,1,89.4,1964.04,Low
MINE-002,Pit-A,0.912,15.05,28.6,76.86,61,89.18,1,0,1,0,4,1,1,65.48,2436.96,High
MINE-001,Pit-A,0.321,23.37,26.34,73.07,51,83.02,0,1,2,0,0,1,1,80.12,2348.33,Low
MINE-002,Pit-C,0.975,2.29,33.37,65.41,80,93.55,1,1,1,1,1,1,1,85.5,1462.64,Medium
MINE-002,Underground-Zone-1,0.572,11.51,33.51,68.32,29,88.25,1,1,2,0,4,1,1,96.27,1171.86,Medium
MINE-003,Coal-Handling,1.009,21.77,35.45,84.78,48,81.31,0,1,1,0,3,1,1,100.0,1798.47,High
MINE-002,Coal-Handling,0.338,29.05,26.9,83.65,19,85.77,1,0,2,0,1,1,1,91.55,2223.74,Medium
MINE-003,Pit-A,0.533,39.86,29.08,64.22,55,100.0,1,1,2,0,3,1,1,71.83,955.94,Medium
MINE-001,Pit-B,0.679,37.59,31.92,73.2,57,87.66,1,1,1,0,0,1,1,58.0,2104.7,Medium
MINE-001,Underground-Zone-1,0.487,19.44,28.99,77.98,38,92.94,1,1,1,0,0,1,1,81.02,2805.14,Low
MINE-001,Workshop,0.884,13.16,33.28,77.2,81,84.5,1,1,0,1,0,1,1,86.4,2119.82,Medium
MINE-001,Pit-B,0.05,27.23,32.99,77.11,12,100.0,1,1,1,2,2,0,1,62.99,1022.25,High
MINE-003,Pit-B,1.398,12.56,32.92,58.66,81,91.42,1,1,2,1,1,1,1,88.08,1233.63,Medium
MINE-001,Underground-Zone-1,0.85,10.38,36.84,57.94,74,86.9,0,0,1,0,3,1,1,72.44,1455.03,High
MINE-002,Pit-A,0.489,14.95,33.58,86.04,100,96.31,1,0,2,1,1,1,0,63.3,1727.49,Medium
MINE-002,Pit-A,0.357,13.69,31.62,90.11,25,100.0,0,1,1,1,1,1,1,79.78,1974.51,Medium
MINE-002,Pit-A,0.247,22.13,30.23,54.22,11,88.55,1,1,1,1,1,1,1,66.27,2160.23,Medium
MINE-003,Pit-A,0.776,11.98,30.5,71.67,94,86.78,1,0,1,1,2,1,1,62.97,1650.76,High
MINE-001,Coal-Handling,0.898,18.85,26.74,81.77,83,100.0,1,1,1,1,1,1,1,81.73,1928.01,Medium
MINE-001,Pit-A,0.493,33.95,23.94,45.55,60,90.26,1,1,0,0,2,0,1,83.4,1259.3,Medium
MINE-001,Coal-Handling,0.937,19.22,32.86,59.12,53,89.58,1,1,2,0,1,1,0,73.25,1447.0,Medium
MINE-003,Coal-Handling,0.232,33.17,35.89,70.89,46,78.13,1,0,1,0,1,1,1,81.57,2242.48,High
MINE-002,Pit-A,0.171,30.02,29.68,64.83,27,90.8,0,1,1,0,2,1,1,92.84,2026.07,Medium
MINE-002,Pit-C,1.185,23.92,37.35,74.51,56,82.86,1,1,1,0,1,1,1,88.82,2088.47,Medium
MINE-001,Workshop,0.757,14.46,30.29,89.65,83,87.64,1,1,1,0,2,1,0,67.26,1280.35,Medium
MINE-002,Pit-B,1.039,28.41,23.18,61.77,57,78.91,1,1,1,1,1,1,1,78.36,1781.05,Medium
MINE-002,Coal-Handling,0.251,15.5,34.67,72.6,20,98.41,1,1,1,2,0,1,1,68.91,1842.67,Medium
MINE-003,Underground-Zone-1,0.227,17.98,29.08,67.86,100,82.2,1,1,1,0,1,1,1,59.79,1961.48,Low
MINE-003,Underground-Zone-1,0.424,21.3,35.04,73.64,41,79.36,1,1,2,0,2,1,1,86.35,2308.63,Low
MINE-003,Workshop,0.262,17.95,25.89,72.07,22,85.55,1,1,0,2,0,1,1,91.03,1822.56,Medium
MINE-003,Underground-Zone-1,0.797,10.8,32.65,98.0,24,98.48,1,1,1,2,4,1,1,71.84,2595.17,High
MINE-001,Pit-C,0.287,2.73,27.8,89.87,50,88.33,1,0,2,0,0,0,1,81.05,817.39,Low
MINE-003,Underground-Zone-1,0.14,27.59,31.81,53.03,6,89.13,1,1,0,0,0,0,1,98.11,1645.86,Medium
MINE-002,Pit-B,0.6,23.7,34.07,61.2,91,93.87,1,0,2,0,4,1,1,91.32,2316.19,High
MINE-001,Pit-B,0.099,2.0,33.14,62.67,98,90.09,1,1,1,0,0,1,1,70.38,1426.8,Low
MINE-002,Coal-Handling,0.05,10.53,31.28,57.19,67,98.43,1,1,1,2,0,1,1,76.96,2216.87,Medium
MINE-002,Pit-A,0.597,19.79,25.49,55.58,7,89.56,1,0,0,1,0,1,0,68.79,1848.94,High
MINE-002,Pit-C,0.05,22.43,33.92,69.86,50,89.66,1,1,0,0,1,0,1,80.98,2749.11,Medium
MINE-003,Coal-Handling,0.821,2.82,35.13,63.12,53,100.0,1,1,1,2,1,1,1,78.53,1724.42,Medium
MINE-003,Pit-C,0.062,17.11,26.83,61.31,5,91.33,1,1,0,1,3,1,0,63.01,1730.42,High
MINE-001,Pit-A,0.05,23.4,27.42,96.25,26,92.38,1,1,1,2,2,1,1,72.07,2700.6,Medium
MINE-001,Underground-Zone-1,0.447,14.48,35.29,63.95,97,89.74,1,1,0,2,1,0,1,51.16,1619.27,High
MINE-003,Underground-Zone-1,0.601,20.56,30.17,66.68,18,76.43,1,1,1,0,1,1,1,64.49,2328.13,Medium
MINE-002,Pit-A,0.722,13.12,27.52,80.9,96,96.24,1,1,2,0,2,1,1,83.37,1953.79,Low
MINE-001,Coal-Handling,0.61,27.09,32.09,66.64,89,100.0,1,1,2,0,1,1,1,79.86,2343.58,Medium
MINE-003,Pit-A,0.179,10.01,28.45,58.01,49,98.53,0,1,1,2,0,0,1,90.31,1625.46,Medium
MINE-003,Workshop,0.8,6.58,31.64,68.9,100,87.65,1,1,2,2,3,1,1,78.69,1746.74,Medium
MINE-003,Pit-B,0.886,18.29,29.35,96.1,10,89.96,1,1,0,1,0,1,1,75.45,1616.24,Medium
MINE-002,Coal-Handling,0.128,3.66,29.69,66.22,69,93.1,1,1,0,0,0,1,1,100.0,813.07,Low
MINE-003,Pit-C,0.487,2.0,35.44,61.06,25,92.88,1,0,1,0,0,1,0,73.59,1667.47,High
MINE-003,Workshop,0.454,28.84,21.13,77.04,8,95.09,1,0,2,1,3,1,1,72.99,3401.0,High
MINE-003,Coal-Handling,0.627,8.16,33.22,68.33,7,92.22,1,1,2,1,2,1,1,78.64,1433.83,Medium
MINE-003,Pit-A,0.478,4.66,34.78,98.0,34,88.83,1,1,1,0,1,1,1,67.89,1872.98,Medium
MINE-001,Pit-A,0.526,9.88,28.51,62.56,35,91.82,0,1,1,0,1,1,1,81.34,2395.58,Medium
MINE-001,Pit-A,0.775,9.43,34.75,92.8,38,96.99,1,1,1,1,2,1,1,68.58,2060.76,Medium
MINE-003,Pit-A,0.16,16.58,27.16,85.96,87,100.0,1,1,1,2,1,1,1,72.39,1761.22,Medium
MINE-002,Pit-C,0.808,7.07,28.36,67.42,24,88.01,0,1,1,0,2,1,0,68.31,1352.88,Medium
MINE-001,Workshop,0.949,22.98,27.9,71.96,91,92.36,1,0,1,0,1,1,1,54.89,2521.17,High
MINE-003,Underground-Zone-1,1.122,24.46,34.81,59.64,58,88.82,0,1,0,1,0,1,1,46.59,2354.31,High
MINE-001,Pit-B,0.05,5.25,24.02,65.54,29,92.85,1,1,0,2,1,0,1,59.49,2509.27,Medium
MINE-001,Pit-C,0.486,11.82,37.56,67.34,19,96.85,0,1,2,0,1,1,1,92.83,2459.27,Medium
MINE-002,Pit-C,0.05,12.77,29.78,73.89,42,89.75,0,1,1,0,2,1,1,78.98,1086.24,Medium
MINE-003,Underground-Zone-1,0.05,16.35,33.46,55.05,27,78.72,1,0,1,0,2,1,1,71.76,1624.1,Medium
MINE-003,Underground-Zone-1,0.6,28.83,33.11,75.74,56,97.17,1,1,1,0,1,1,1,64.49,1955.49,Medium
MINE-002,Pit-B,0.41,29.4,31.6,70.25,70,91.78,1,0,2,0,3,1,1,94.39,1324.41,Medium
MINE-002,Pit-B,0.655,42.99,28.6,76.78,61,88.95,1,1,1,1,3,1,1,69.66,1484.92,High
MINE-003,Underground-Zone-1,0.72,2.0,35.97,78.57,61,87.61,1,1,0,0,1,1,1,67.01,2120.29,Medium
MINE-003,Pit-A,0.987,8.76,28.94,69.29,83,92.87,1,1,1,1,1,1,1,53.41,2099.67,Medium
MINE-002,Pit-C,0.569,36.14,28.08,77.86,56,86.82,1,1,1,0,1,1,1,49.0,2680.44,Medium
MINE-001,Coal-Handling,1.573,2.0,34.51,70.95,39,87.53,1,1,0,0,1,1,1,84.0,1439.38,Medium
MINE-001,Pit-B,0.657,35.91,31.58,80.92,78,83.51,1,0,1,0,2,1,1,99.92,1334.99,Medium
MINE-002,Pit-B,1.195,19.47,36.43,75.79,18,86.91,1,1,1,0,1,1,1,81.85,2849.07,Medium
MINE-001,Underground-Zone-1,0.05,19.84,30.75,74.17,95,94.79,1,1,1,0,1,1,1,81.68,1677.14,Low
MINE-002,Workshop,1.022,5.2,28.4,70.77,18,82.71,1,0,1,1,1,1,1,100.0,849.92,Medium
MINE-001,Coal-Handling,0.487,13.49,32.1,87.55,37,97.91,0,1,1,0,1,1,1,84.51,1999.82,Medium
MINE-001,Coal-Handling,0.05,35.47,29.21,76.86,56,83.93,1,1,2,0,0,1,1,77.9,1262.5,Low
MINE-003,Pit-B,0.697,17.52,28.51,56.14,5,91.9,0,0,2,1,4,1,1,85.27,1606.86,High
MINE-003,Pit-A,0.444,13.56,34.33,66.34,38,93.91,1,1,1,2,0,1,1,89.74,1091.18,Low
MINE-001,Workshop,0.753,22.06,38.33,69.26,23,95.95,1,1,1,0,3,1,0,84.62,2355.74,High
MINE-001,Coal-Handling,0.904,16.08,30.01,71.99,28,95.95,1,1,2,0,0,1,1,71.69,2004.11,Medium
MINE-003,Pit-B,0.05,21.45,27.1,74.12,8,90.5,1,1,2,1,1,1,1,83.28,1155.16,Low
MINE-003,Coal-Handling,0.905,9.5,30.39,60.67,40,89.97,1,1,2,0,3,1,1,68.99,1899.17,Medium
MINE-003,Workshop,0.552,17.23,33.06,71.18,81,94.58,1,1,1,1,0,1,1,77.6,2135.55,Medium
MINE-002,Workshop,1.023,11.59,32.03,68.23,62,92.67,1,1,0,0,0,1,0,83.16,1694.17,Medium
MINE-001,Pit-C,0.478,2.0,35.78,85.02,36,88.93,1,1,2,1,2,1,1,100.0,2627.69,Medium
MINE-003,Underground-Zone-1,0.385,22.82,33.66,60.06,13,93.23,0,1,2,0,0,1,1,83.7,2320.75,Low
MINE-001,Underground-Zone-1,0.559,5.66,26.59,71.79,84,90.0,1,0,1,2,0,1,1,78.21,1559.09,Medium
MINE-002,Pit-B,0.586,16.35,29.03,63.78,71,87.4,1,1,2,0,4,0,1,72.79,1686.65,Medium
MINE-002,Workshop,0.318,27.26,25.48,94.36,24,88.73,1,0,2,2,3,1,0,70.41,1181.69,High
MINE-003,Pit-C,0.376,3.02,35.58,87.08,78,93.92,0,1,1,0,2,0,1,72.97,951.69,High
MINE-002,Pit-C,0.121,24.05,23.03,52.29,66,85.43,1,1,1,0,0,1,0,78.52,1364.82,Medium
MINE-001,Coal-Handling,0.398,15.0,25.87,62.45,62,97.64,1,0,1,0,0,1,1,89.91,1448.62,Medium
MINE-003,Coal-Handling,0.787,8.33,28.95,82.45,26,87.66,1,1,1,2,0,1,1,61.43,2463.24,Medium
MINE-001,Pit-C,0.502,38.23,33.26,77.49,71,77.44,1,1,2,0,0,1,1,87.96,1112.62,Low
MINE-001,Coal-Handling,0.903,17.99,28.91,77.11,79,94.32,1,0,1,0,1,1,1,70.65,1848.67,High
MINE-002,Workshop,0.485,12.32,29.54,74.29,93,74.79,1,1,2,0,0,1,1,68.89,1907.26,Low
MINE-002,Pit-A,0.05,10.2,29.62,83.41,52,84.93,1,1,2,2,2,0,1,84.64,1446.44,Medium
MINE-002,Workshop,0.759,26.81,31.69,81.37,12,100.0,1,0,0,0,1,1,1,73.12,2309.75,High
MINE-002,Pit-C,0.314,11.88,26.12,68.51,77,97.36,1,1,0,0,1,1,1,84.19,1643.72,Low
MINE-002,Pit-C,0.468,25.57,27.21,57.61,19,96.86,1,1,1,2,3,1,1,83.05,1503.67,Medium
MINE-003,Workshop,0.983,17.98,37.72,51.72,36,84.29,1,1,1,2,0,1,0,88.48,2621.16,High
MINE-001,Coal-Handling,0.144,29.16,32.61,70.76,57,89.88,1,0,1,0,1,0,1,95.14,1379.02,Medium
MINE-001,Coal-Handling,0.608,7.57,34.04,49.92,71,98.45,1,1,0,2,0,1,1,55.64,2189.24,Medium
MINE-001,Underground-Zone-1,0.536,8.97,31.23,75.01,8,94.84,1,0,1,0,0,0,1,80.66,1516.12,Medium
MINE-001,Pit-C,0.795,15.19,30.44,68.3,34,97.82,0,1,0,0,1,1,1,68.38,1192.4,High
MINE-002,Pit-B,0.849,16.02,32.83,95.33,17,100.0,1,1,1,1,0,1,1,83.43,1634.79,Medium
MINE-001,Underground-Zone-1,0.642,14.45,33.91,76.12,25,94.96,1,1,0,1,1,1,1,59.73,2977.88,Medium
MINE-003,Coal-Handling,0.424,44.31,34.38,71.65,45,83.62,1,1,2,0,3,1,1,78.66,1078.1,Medium
MINE-003,Workshop,0.716,38.63,30.49,52.61,23,94.59,1,1,1,0,2,1,1,53.53,1449.8,Medium
MINE-001,Coal-Handling,1.017,20.99,34.82,56.85,52,89.59,1,1,2,0,1,1,1,78.57,2414.54,Medium
MINE-001,Workshop,0.54,22.17,21.14,80.18,90,83.25,1,1,2,1,2,1,0,78.07,1330.09,Medium
MINE-003,Underground-Zone-1,0.456,15.64,34.57,68.24,67,96.37,1,1,2,2,1,0,1,69.26,1499.04,Medium
MINE-003,Pit-C,0.686,7.5,29.29,98.0,24,98.21,1,0,1,0,1,1,1,72.88,1867.33,Medium
MINE-002,Coal-Handling,0.564,16.18,33.21,71.0,68,90.44,1,1,2,1,0,0,1,73.19,1687.57,Medium
MINE-003,Workshop,0.082,25.71,28.4,74.03,41,92.92,1,1,1,0,1,1,1,57.86,2054.43,Low
MINE-002,Pit-C,0.634,31.06,25.69,56.2,35,78.56,1,1,0,1,1,1,1,61.15,1668.63,Medium
MINE-002,Pit-B,0.079,27.96,32.36,83.37,78,97.74,0,1,2,0,1,1,0,80.45,1802.89,Medium
MINE-002,Workshop,0.681,2.9,24.99,60.89,22,95.76,0,0,0,1,1,1,1,91.89,1734.63,High
MINE-002,Underground-Zone-1,0.271,15.11,29.4,78.29,24,92.5,1,1,2,0,2,0,1,88.23,1391.2,Low
MINE-002,Pit-B,0.563,3.31,27.75,81.74,86,83.49,1,1,1,2,2,1,0,51.62,874.92,High
MINE-001,Pit-B,0.687,29.69,30.3,73.14,15,81.13,0,1,1,0,1,1,1,94.12,2760.94,Medium
MINE-003,Pit-A,1.409,13.88,34.19,93.08,90,100.0,1,1,0,0,0,1,1,94.91,1385.75,Medium
MINE-002,Coal-Handling,0.81,17.53,29.04,64.67,48,85.0,1,1,1,1,3,1,1,68.29,1415.67,Medium
MINE-003,Workshop,1.028,22.8,32.26,92.11,86,91.81,1,1,1,0,0,1,1,68.54,1899.2,Medium
MINE-003,Pit-B,1.205,45.66,33.96,56.75,68,85.19,1,1,1,0,1,1,1,71.27,1282.79,High
MINE-002,Pit-A,0.721,20.68,28.57,81.59,38,77.27,1,1,1,0,3,1,1,82.31,2257.87,Medium
MINE-001,Underground-Zone-1,0.65,15.62,28.63,70.29,91,93.69,1,1,0,1,3,1,1,74.06,1927.31,Medium
MINE-002,Pit-C,0.177,5.59,36.48,63.5,69,94.62,0,1,1,0,0,1,1,83.06,1664.38,Medium
MINE-001,Workshop,0.509,32.59,30.68,52.06,59,80.99,1,1,1,0,2,1,0,61.07,1550.16,Medium
MINE-003,Pit-B,0.297,16.18,33.04,68.87,78,97.65,1,1,0,0,1,0,1,64.07,1199.77,Medium
MINE-001,Coal-Handling,0.41,34.57,33.01,68.11,5,87.84,1,1,0,2,1,1,0,66.62,1956.67,High
MINE-001,Pit-A,1.205,29.06,26.21,74.07,42,84.5,1,1,1,0,1,1,1,67.38,1868.1,Medium
MINE-001,Pit-B,0.59,13.37,27.96,80.7,13,84.11,0,1,1,0,3,1,1,83.56,1477.0,Medium
MINE-003,Coal-Handling,0.243,4.08,32.5,62.3,99,96.23,1,1,1,1,2,1,1,81.19,2062.04,Low
MINE-003,Pit-B,1.031,20.73,22.73,93.1,75,79.46,1,0,1,0,5,1,1,86.56,2590.26,High
MINE-001,Workshop,0.884,11.85,30.15,65.54,21,83.55,1,1,1,0,2,1,1,92.06,1807.35,Low
MINE-001,Workshop,0.903,18.39,27.54,79.23,56,93.59,1,0,1,2,1,1,1,83.13,1676.38,High
MINE-002,Workshop,0.05,28.49,35.44,73.08,22,92.79,0,0,1,0,1,1,1,54.83,1319.68,High
MINE-001,Underground-Zone-1,1.232,2.0,32.38,69.62,67,84.87,0,1,1,1,0,1,1,72.57,1720.45,Medium
MINE-002,Underground-Zone-1,0.355,20.65,35.76,72.48,37,98.72,0,1,1,1,1,1,1,74.32,1590.3,Medium
MINE-001,Pit-A,0.822,25.6,30.84,60.72,8,84.32,1,1,0,0,0,1,1,81.35,1276.73,Medium
MINE-002,Workshop,1.433,26.08,30.54,67.35,91,89.75,1,1,1,0,2,1,1,65.73,2025.62,Medium
MINE-003,Coal-Handling,1.304,4.36,29.78,55.92,79,88.95,1,1,1,2,2,0,0,97.24,1936.7,High
MINE-001,Pit-B,0.208,22.19,28.99,65.41,56,88.98,1,1,1,1,2,0,0,72.78,1838.2,High
MINE-001,Pit-C,0.05,30.04,41.74,66.4,13,89.83,1,1,2,0,2,1,1,73.7,1618.89,Medium
MINE-001,Coal-Handling,1.051,21.43,34.23,82.14,68,89.65,1,1,1,0,1,1,1,75.46,2260.72,Medium
MINE-001,Underground-Zone-1,0.6,16.84,26.74,68.02,34,89.57,1,1,1,1,3,0,1,71.3,924.85,High
MINE-002,Underground-Zone-1,0.375,29.4,41.56,66.62,12,89.91,1,1,2,0,5,1,1,55.44,948.45,High
MINE-001,Coal-Handling,0.767,11.06,29.38,74.64,9,97.51,1,0,1,0,1,1,1,94.13,1912.74,Medium
MINE-003,Underground-Zone-1,0.493,2.7,32.28,74.17,80,89.61,0,1,2,2,1,1,1,69.75,2432.19,Medium
MINE-003,Workshop,0.795,15.99,34.76,64.91,67,95.15,0,0,0,0,2,1,1,86.19,1860.26,High
MINE-001,Pit-A,0.573,23.35,24.85,76.73,5,91.89,1,1,2,2,2,1,1,72.47,1863.55,Medium
MINE-003,Pit-B,0.803,28.39,27.69,69.86,19,93.2,1,1,1,1,1,1,0,69.82,1276.39,High
MINE-001,Pit-A,0.237,23.31,37.59,64.89,93,95.67,1,1,1,0,2,1,1,61.82,727.76,Medium
MINE-001,Pit-B,1.049,26.36,30.1,66.05,86,84.16,1,0,1,1,0,1,1,54.84,1312.68,High
MINE-003,Pit-B,0.794,28.45,34.99,83.39,42,94.76,1,1,2,0,0,1,1,72.21,2122.14,Medium
MINE-001,Pit-A,0.776,14.61,29.19,66.41,46,89.73,1,0,1,0,0,1,1,71.66,1013.74,Medium
MINE-003,Coal-Handling,0.159,16.52,30.62,75.13,50,85.23,0,1,2,0,5,1,1,96.67,1374.07,Medium
MINE-002,Pit-B,1.145,30.87,38.14,56.61,57,95.65,1,1,1,1,2,0,1,78.93,1016.91,High
MINE-001,Pit-A,0.545,5.9,32.75,85.38,30,88.45,1,1,1,1,1,1,1,92.84,1347.39,Low
MINE-002,Pit-B,0.805,22.29,29.62,65.0,65,93.26,1,1,1,2,2,1,1,58.48,2369.98,High
MINE-003,Pit-C,0.437,10.83,28.27,76.8,71,74.73,1,0,1,2,1,1,1,78.67,1497.04,Medium
MINE-002,Coal-Handling,0.641,29.0,28.63,68.98,58,95.36,1,1,1,0,0,1,1,85.16,2257.18,Low
MINE-002,Workshop,0.654,17.82,35.97,76.67,26,100.0,1,1,2,1,1,1,1,79.46,1509.49,Medium
MINE-003,Pit-B,0.05,18.08,34.06,77.32,30,90.95,1,1,2,0,1,1,1,79.95,2520.6,Low
MINE-002,Pit-C,0.754,35.29,26.41,70.26,87,89.42,1,0,1,0,2,1,1,74.76,1974.53,Medium
MINE-002,Workshop,1.238,7.24,31.35,49.61,64,88.23,1,1,2,0,1,1,1,62.47,1569.63,Medium
MINE-003,Workshop,0.739,20.16,30.73,85.09,43,94.33,1,1,0,1,1,1,1,60.24,1719.08,Medium
MINE-002,Pit-B,0.215,16.2,32.26,70.32,40,89.18,1,0,0,0,1,0,1,87.19,1079.23,Medium
MINE-003,Pit-A,0.777,23.32,28.59,76.42,25,94.89,1,0,2,0,2,0,1,69.41,1544.49,Medium
MINE-002,Pit-B,0.921,37.29,35.39,80.3,45,100.0,0,1,2,0,1,0,0,72.46,2510.28,High
MINE-003,Pit-C,0.729,11.95,30.99,66.51,52,96.05,1,0,0,0,1,1,1,69.41,1979.65,Medium
MINE-003,Workshop,0.524,6.03,32.49,78.21,30,89.95,1,1,1,2,1,1,1,66.39,756.12,Medium
MINE-002,Pit-B,0.465,9.91,27.86,63.03,67,84.31,1,1,2,2,0,1,1,58.99,1714.46,Medium
MINE-002,Pit-A,0.464,15.67,28.06,76.65,81,88.55,0,1,0,1,1,1,1,97.97,1884.03,Medium
MINE-002,Pit-B,0.794,18.64,41.63,72.24,40,90.04,1,1,1,1,0,1,1,51.5,2175.28,High
MINE-001,Coal-Handling,0.058,19.15,38.2,66.93,28,83.09,1,1,1,1,1,1,1,86.94,1612.57,Medium
MINE-001,Pit-A,0.42,36.03,30.72,72.56,94,97.52,1,1,2,1,0,1,1,92.16,1739.98,Low
MINE-001,Pit-C,1.108,34.25,37.13,59.34,25,94.41,1,1,2,1,0,1,1,79.84,2316.37,Medium
MINE-003,Workshop,1.122,31.03,35.85,75.71,22,84.71,1,1,2,0,0,1,1,75.73,1678.37,Medium
MINE-002,Pit-B,0.05,43.14,28.5,76.95,19,80.32,0,1,1,0,1,1,0,81.03,1435.65,High
MINE-003,Pit-A,0.154,26.24,28.1,76.15,83,95.31,1,0,1,0,1,1,0,72.81,2217.87,Medium
MINE-001,Coal-Handling,0.455,29.08,33.67,90.03,10,81.14,1,1,0,0,1,1,1,90.77,2227.21,Medium
MINE-002,Pit-A,0.862,26.05,32.04,70.86,47,91.5,1,1,2,0,2,0,1,92.55,719.59,Medium
MINE-003,Underground-Zone-1,0.05,24.41,29.39,71.69,35,88.54,1,1,1,1,0,1,1,85.05,1929.47,Low
MINE-002,Coal-Handling,0.531,21.94,33.88,57.96,32,95.8,1,1,1,1,2,0,1,56.54,1296.31,High
MINE-003,Pit-C,0.384,14.03,25.23,90.87,12,95.87,1,1,2,0,1,1,1,86.78,1999.96,Low
MINE-002,Workshop,1.014,5.53,31.46,54.02,33,86.07,1,1,0,0,1,1,1,94.68,2276.29,Medium
MINE-001,Pit-C,0.05,16.69,26.04,74.74,25,96.33,1,1,2,1,1,1,1,85.91,2109.62,Low
MINE-001,Pit-B,0.582,23.66,26.18,64.62,85,89.26,1,1,1,0,0,1,1,90.81,2158.97,Medium
MINE-002,Pit-A,0.412,18.72,28.17,72.75,92,91.11,1,1,1,0,2,0,1,68.52,1469.82,Medium
MINE-003,Underground-Zone-1,1.064,7.35,32.45,56.3,62,91.24,1,1,0,1,1,1,1,71.84,1571.21,High
MINE-001,Coal-Handling,0.759,16.34,28.3,82.7,64,100.0,0,1,2,0,1,1,1,95.03,2096.34,Medium
MINE-001,Coal-Handling,0.345,15.82,26.13,60.54,54,90.28,1,1,2,2,2,1,1,86.65,1835.47,Medium
MINE-001,Pit-A,0.849,17.38,32.91,86.0,35,80.97,1,1,0,1,0,1,1,74.79,1028.28,Medium
MINE-002,Underground-Zone-1,0.414,22.91,36.97,60.87,51,86.71,1,0,0,2,1,1,1,74.46,2245.71,High
MINE-002,Pit-A,0.9,25.06,33.56,83.7,38,95.43,0,1,2,0,0,1,1,78.25,1068.3,Medium
MINE-003,Pit-B,0.467,13.0,38.21,62.03,6,89.3,1,1,0,0,1,1,1,74.12,1962.38,Medium
MINE-003,Pit-C,0.919,27.81,36.64,64.62,71,91.09,1,1,1,0,1,1,1,78.07,1903.63,Medium
MINE-003,Coal-Handling,0.703,29.32,29.05,71.98,98,88.41,1,1,1,0,0,1,1,100.0,2390.79,Low
MINE-002,Pit-B,1.691,21.2,33.53,61.82,76,74.1,1,0,2,0,0,1,1,68.85,1682.11,High
MINE-002,Pit-C,0.531,24.65,30.63,61.47,56,86.33,1,1,1,1,1,1,1,54.68,785.52,Medium
MINE-003,Pit-B,0.684,27.84,35.25,61.96,11,90.54,0,1,1,2,1,1,0,69.39,1871.65,High
MINE-003,Underground-Zone-1,0.382,7.02,30.63,75.83,80,80.38,1,1,2,2,2,1,0,85.21,1966.3,Medium
MINE-002,Coal-Handling,0.551,28.55,27.85,71.99,23,83.93,1,1,1,0,1,1,0,85.82,2336.81,Medium
MINE-003,Pit-A,0.05,10.1,36.49,72.63,94,88.96,0,0,1,1,1,1,1,64.02,1536.05,High
MINE-001,Pit-A,0.713,11.07,32.27,68.1,96,89.01,1,0,0,0,1,1,0,73.1,2151.6,High
MINE-002,Pit-C,1.02,19.96,28.35,78.58,19,93.37,1,1,2,0,2,1,1,89.26,2248.52,Medium
MINE-003,Workshop,0.689,2.0,29.01,84.6,82,89.34,0,1,1,2,3,1,1,76.6,1433.92,High
MINE-002,Underground-Zone-1,0.09,19.76,28.32,78.91,52,93.15,1,0,0,0,3,1,1,64.69,1958.5,Medium
MINE-001,Pit-C,0.269,27.82,26.99,69.49,18,86.8,0,1,1,0,3,1,1,67.42,1064.01,Medium
MINE-002,Workshop,0.05,2.0,29.09,57.35,7,92.27,1,1,1,2,1,1,0,96.3,2082.05,Medium
MINE-002,Pit-B,0.893,28.89,32.49,48.28,54,99.83,1,1,2,0,0,1,1,72.1,1911.19,Medium
MINE-002,Underground-Zone-1,0.198,11.01,31.26,71.22,97,92.73,1,1,1,2,4,1,1,78.68,1180.65,Medium
MINE-002,Pit-B,0.54,20.07,29.25,48.08,58,89.59,1,1,1,0,2,0,1,57.22,1601.53,Medium
MINE-001,Coal-Handling,0.496,12.46,36.98,69.61,10,85.34,0,1,1,2,1,1,1,74.92,2342.47,High
MINE-002,Underground-Zone-1,1.071,23.73,22.96,88.83,53,91.52,0,1,0,0,0,1,1,100.0,1899.92,Medium
MINE-002,Workshop,0.58,28.25,32.22,58.16,27,89.69,0,1,2,0,1,1,1,100.0,1458.6,Medium
MINE-003,Coal-Handling,0.833,24.47,30.43,56.57,96,94.37,1,0,0,0,0,1,1,81.3,1416.11,Medium
MINE-002,Pit-A,0.741,17.96,27.12,79.64,82,80.07,1,1,1,1,1,0,1,99.0,2301.58,Medium
MINE-003,Workshop,1.026,13.24,32.46,38.33,82,89.87,1,1,2,2,1,1,0,85.84,1554.48,Medium
MINE-001,Pit-C,0.466,17.31,30.12,76.58,24,93.52,1,1,1,1,1,1,0,100.0,1910.31,Medium
MINE-001,Pit-A,1.204,24.56,35.99,89.62,81,91.78,1,1,0,2,0,1,1,86.67,1593.51,High
MINE-001,Pit-A,0.05,24.9,34.47,61.53,95,89.0,1,1,2,1,0,1,1,95.42,693.9,Low
MINE-001,Pit-C,0.85,23.51,38.62,59.47,64,88.92,1,1,1,0,1,1,1,50.53,1473.38,Medium
MINE-003,Underground-Zone-1,0.247,5.17,29.07,79.08,49,84.41,1,1,1,1,0,1,1,83.02,2368.98,Low
MINE-002,Pit-A,0.378,17.77,36.59,57.95,65,93.27,0,0,2,0,0,1,1,70.03,2871.97,Medium
MINE-001,Workshop,0.749,11.67,26.34,81.73,60,93.55,1,1,2,0,2,1,1,85.29,1413.31,Low
MINE-002,Coal-Handling,0.746,24.65,30.56,58.93,6,82.52,1,1,1,0,1,0,1,84.79,1966.66,Medium
MINE-003,Pit-A,0.762,10.35,29.14,93.22,49,95.59,1,1,1,0,0,1,1,95.99,2964.37,Low
MINE-003,Workshop,0.065,22.52,33.41,79.95,44,87.07,1,1,2,1,0,1,1,91.58,2400.48,Low
MINE-003,Pit-B,1.057,15.18,33.31,72.46,28,88.74,1,1,1,0,0,0,1,59.68,1193.87,Medium
MINE-001,Workshop,0.235,2.0,27.4,92.53,33,100.0,0,1,0,1,2,1,0,53.94,1667.71,High
MINE-002,Coal-Handling,0.281,27.31,33.63,84.38,71,100.0,1,1,2,2,0,1,1,75.33,1928.84,Medium
MINE-002,Workshop,0.773,17.75,29.48,76.42,72,82.32,1,1,1,0,2,1,0,87.76,2436.36,Medium
MINE-002,Pit-C,0.45,30.76,27.73,49.64,70,83.33,0,0,0,1,0,1,1,86.24,1198.38,High
MINE-003,Coal-Handling,0.658,2.0,30.95,63.58,88,84.69,1,0,1,1,1,1,0,78.87,2187.11,High
MINE-001,Underground-Zone-1,0.05,15.08,25.09,85.02,58,100.0,1,1,0,0,1,1,0,85.98,2151.78,Medium
MINE-003,Pit-B,0.65,15.84,34.73,56.4,57,87.36,1,1,0,1,0,1,1,88.69,1648.01,Medium
MINE-003,Pit-C,0.626,20.7,30.78,62.81,83,82.16,1,1,0,0,2,1,1,78.89,2872.07,Medium
MINE-002,Underground-Zone-1,0.372,4.75,30.87,59.73,53,98.39,1,1,2,0,0,1,1,86.08,1344.31,Low
MINE-003,Workshop,0.05,23.44,30.65,76.83,36,94.56,1,1,2,0,2,1,1,87.23,1982.05,Low
MINE-002,Coal-Handling,0.476,37.12,37.59,83.56,65,100.0,1,1,1,0,1,1,1,77.55,1899.7,Medium
MINE-001,Pit-B,0.537,22.75,37.08,83.58,46,94.55,1,1,1,0,1,1,1,97.23,1988.0,Medium
MINE-002,Pit-C,0.421,18.93,36.4,61.77,5,90.81,1,1,1,0,2,1,1,62.42,2377.74,Medium
MINE-001,Underground-Zone-1,0.05,4.23,30.66,76.66,67,92.52,0,1,1,0,1,1,1,99.46,1128.66,Low
MINE-002,Underground-Zone-1,1.108,10.26,26.54,61.2,39,88.28,0,1,1,1,1,0,1,91.59,1879.26,High
MINE-003,Pit-B,0.326,17.44,30.94,69.47,55,98.83,0,1,2,2,2,1,1,100.0,2784.77,Medium
MINE-003,Workshop,0.472,12.7,32.26,78.24,75,99.15,1,1,1,0,0,1,1,58.25,2199.12,Low
MINE-001,Pit-B,0.05,28.26,34.25,84.74,49,81.5,1,1,1,0,1,1,1,73.43,1469.56,Medium
MINE-001,Underground-Zone-1,1.108,23.34,32.24,46.21,81,96.66,1,1,2,0,1,1,1,84.27,1399.99,Medium
MINE-001,Pit-A,0.387,44.92,26.89,73.18,69,84.57,1,1,1,2,1,1,1,81.36,2058.89,Medium
MINE-002,Pit-C,0.584,8.19,28.86,88.89,18,100.0,0,1,1,0,3,1,1,72.38,1555.34,Medium
MINE-002,Pit-B,0.942,18.33,28.5,74.79,97,100.0,0,1,1,0,0,1,1,81.99,1728.59,Medium
MINE-001,Underground-Zone-1,0.313,4.17,33.16,72.99,7,84.17,0,0,1,0,1,1,1,94.2,1428.27,Medium
MINE-003,Workshop,0.887,2.0,33.25,65.24,28,92.43,1,1,1,1,1,1,1,79.83,2836.98,Medium
MINE-002,Underground-Zone-1,0.05,25.23,33.78,88.57,69,96.96,0,1,1,0,1,1,1,60.26,1973.23,Medium
MINE-002,Workshop,0.743,22.97,32.2,65.8,52,87.26,1,1,1,0,1,0,1,100.0,1826.38,Medium
MINE-002,Pit-B,1.1,9.45,22.76,70.8,14,82.8,1,1,0,1,3,1,0,65.54,983.8,High
MINE-001,Workshop,0.347,18.93,24.1,66.36,17,91.61,1,1,2,1,1,1,1,62.17,1387.24,Medium
MINE-001,Coal-Handling,0.942,11.71,30.44,73.3,77,90.04,1,1,1,1,2,1,1,68.57,1769.53,Medium
MINE-001,Coal-Handling,1.192,13.06,31.39,89.11,18,85.51,1,1,1,0,1,1,1,70.01,1770.13,Medium
MINE-001,Coal-Handling,0.461,14.8,36.01,61.13,14,98.42,0,1,1,1,1,1,1,81.58,2630.45,Medium
MINE-001,Pit-A,0.432,9.03,31.31,73.35,44,83.27,1,1,1,0,0,1,0,100.0,1861.89,Low
MINE-003,Pit-B,0.236,10.83,27.1,76.69,27,90.35,0,0,0,0,3,1,1,66.36,2319.15,High
MINE-003,Underground-Zone-1,0.372,11.12,33.65,62.25,59,92.09,0,0,0,0,2,1,0,92.23,1889.65,High
MINE-001,Underground-Zone-1,0.265,22.23,30.93,71.29,67,92.85,1,1,2,0,0,1,1,100.0,2230.5,Low
MINE-002,Pit-A,0.235,2.0,29.39,94.22,75,97.78,1,1,1,0,0,1,1,72.49,966.01,Low
MINE-001,Workshop,0.97,15.72,24.54,50.78,46,89.56,1,1,1,0,2,1,1,76.7,1171.75,Medium
MINE-003,Pit-A,0.274,7.12,31.34,66.95,70,75.38,0,1,0,0,0,1,1,81.97,2261.9,Low
MINE-003,Workshop,0.64,7.48,31.92,75.01,83,88.68,1,1,1,0,0,1,0,72.07,2548.27,Medium
MINE-002,Workshop,0.563,12.74,27.02,67.49,77,95.35,1,1,1,1,3,1,1,54.39,946.77,Medium
MINE-003,Pit-C,1.074,17.86,33.98,98.0,51,90.14,1,0,1,0,2,1,1,95.58,1806.1,High
MINE-001,Underground-Zone-1,0.374,15.86,33.62,78.58,85,90.18,1,1,1,2,1,1,0,80.06,1050.22,Medium
MINE-002,Coal-Handling,0.683,7.36,31.2,59.47,56,94.16,1,1,1,0,3,1,1,70.66,1467.92,Medium
MINE-001,Workshop,0.827,25.22,31.05,43.96,22,94.95,1,1,1,0,0,1,1,77.43,849.58,Medium
MINE-001,Pit-C,1.071,8.97,34.78,76.08,83,80.28,1,1,2,0,0,1,1,73.89,1740.78,Medium
MINE-002,Underground-Zone-1,0.369,10.65,32.47,62.93,22,90.89,0,1,1,1,1,1,0,85.7,1707.76,High
MINE-001,Coal-Handling,0.334,20.84,28.19,87.47,28,89.83,1,1,1,1,2,1,1,66.31,1701.7,Medium
MINE-003,Workshop,0.178,21.2,30.21,68.7,27,91.45,1,1,1,2,3,1,1,73.09,1653.67,Medium
MINE-001,Workshop,1.333,11.88,33.23,65.18,16,79.18,1,1,1,0,4,1,0,79.88,2117.46,High
MINE-002,Pit-A,1.035,2.0,22.87,64.98,27,98.94,1,1,2,0,1,1,1,52.42,2657.23,Low
MINE-002,Pit-A,0.535,9.15,27.27,83.84,25,91.04,0,1,1,1,0,1,1,74.8,1195.62,Medium
MINE-002,Underground-Zone-1,1.226,19.62,33.73,76.99,68,93.55,1,1,2,1,0,1,1,69.06,1379.75,Medium
MINE-001,Coal-Handling,0.514,24.89,35.84,93.07,94,100.0,0,1,0,2,0,1,1,85.91,1864.7,High
MINE-002,Workshop,0.804,17.21,35.08,69.42,76,93.61,1,1,2,0,1,1,0,81.21,1665.98,Medium
MINE-002,Underground-Zone-1,0.554,13.21,34.57,82.35,98,81.76,1,1,1,1,0,1,1,94.49,1641.69,Low
MINE-001,Underground-Zone-1,0.689,40.93,31.52,82.55,38,90.48,0,1,0,0,0,1,1,51.81,1143.78,Medium
MINE-003,Pit-B,0.652,14.28,26.88,80.09,6,95.05,1,1,1,0,2,1,1,69.98,1572.13,Medium
MINE-001,Pit-A,0.401,24.12,30.21,65.88,73,91.34,1,0,1,0,2,1,1,80.54,1577.14,Medium
MINE-002,Coal-Handling,0.932,4.65,23.03,77.68,35,100.0,0,1,1,1,1,1,1,94.8,1909.4,Medium
MINE-002,Workshop,0.801,7.1,36.2,70.83,72,85.86,1,1,1,1,1,1,1,63.62,1346.27,Medium
MINE-001,Underground-Zone-1,0.91,24.47,27.73,70.52,74,98.47,1,1,1,0,2,0,1,67.55,2246.18,Medium
MINE-003,Workshop,0.662,28.45,28.87,62.33,91,96.03,0,1,0,0,2,1,1,95.09,1167.65,Medium
MINE-002,Pit-B,0.233,14.1,35.23,46.56,23,91.53,0,1,1,0,0,1,1,100.0,2577.09,Medium
MINE-002,Coal-Handling,1.148,2.0,24.54,86.98,76,92.99,1,1,1,0,1,1,1,100.0,1391.14,Medium
MINE-002,Underground-Zone-1,0.458,16.32,26.24,77.18,17,85.13,1,1,1,0,0,1,1,100.0,2521.14,Low
MINE-001,Workshop,0.677,19.89,32.07,55.88,69,89.16,1,1,0,0,0,1,1,83.6,1425.04,Medium
MINE-002,Pit-A,0.772,18.99,33.08,80.61,10,94.46,1,1,0,1,0,1,1,79.72,2215.29,Medium
MINE-003,Pit-B,0.675,12.37,30.71,87.22,75,90.11,1,1,1,0,0,0,1,100.0,1617.58,Medium
MINE-002,Coal-Handling,0.87,16.47,30.84,81.33,31,91.36,1,1,2,0,1,1,1,73.76,1840.29,Low
MINE-002,Pit-B,0.926,10.5,36.07,61.3,83,96.95,1,0,1,2,1,1,1,64.87,2100.92,High
MINE-003,Pit-A,0.471,6.88,33.55,63.22,56,79.56,0,1,0,0,3,1,1,81.68,1633.22,High
MINE-002,Coal-Handling,1.119,25.56,33.0,65.43,91,93.22,1,0,1,1,1,1,1,73.31,848.33,High
MINE-001,Pit-B,0.457,18.98,34.1,82.33,52,100.0,1,0,1,0,1,0,0,68.01,1482.01,High
MINE-001,Pit-C,0.668,16.49,29.8,77.75,92,88.74,0,1,1,2,2,1,1,89.06,1547.24,High
MINE-001,Pit-A,0.414,12.93,39.69,98.0,83,83.53,1,0,1,0,2,1,1,74.75,2664.26,Medium
MINE-003,Pit-A,0.314,16.2,21.77,52.31,72,88.67,0,1,1,1,1,1,1,80.4,1776.39,Medium
MINE-002,Pit-A,0.915,19.6,36.83,71.37,48,81.9,1,1,1,0,3,0,1,85.04,1885.3,High
MINE-001,Pit-C,1.643,35.29,34.61,48.87,21,92.35,1,1,1,2,2,1,1,55.05,1742.19,High
MINE-003,Pit-C,0.423,24.55,31.99,79.16,99,90.56,0,0,1,0,1,1,1,94.11,1908.96,Medium
MINE-002,Workshop,0.975,11.34,31.32,84.8,42,92.91,0,1,0,0,3,1,1,100.0,1181.11,Medium
MINE-003,Underground-Zone-1,0.436,11.44,30.38,89.31,14,90.21,1,1,1,0,0,1,1,94.65,1456.48,Low
MINE-001,Pit-B,0.546,9.88,35.41,74.26,58,92.18,1,1,1,2,2,1,1,31.29,2131.27,High
MINE-001,Workshop,1.165,15.99,30.84,49.04,95,93.7,1,1,2,1,2,0,1,80.93,1688.4,Medium
MINE-001,Pit-B,0.174,9.88,28.09,71.4,10,83.81,1,0,2,0,1,1,1,53.84,1749.35,Low
MINE-003,Underground-Zone-1,0.082,22.75,34.61,77.24,10,93.08,1,1,1,0,2,1,1,93.52,1789.9,Low
MINE-003,Pit-C,0.519,2.0,37.34,59.94,56,99.69,1,1,1,0,0,0,1,93.57,2144.05,Medium
MINE-001,Underground-Zone-1,0.782,23.35,23.29,68.82,19,85.23,1,1,1,0,1,1,1,82.84,1479.58,Medium
MINE-003,Pit-C,0.712,20.75,40.43,56.68,72,92.85,1,1,1,0,1,0,1,43.64,1849.96,High
MINE-001,Underground-Zone-1,0.676,30.63,26.85,64.65,61,98.77,1,1,2,2,0,0,1,78.14,723.38,Medium
MINE-001,Workshop,0.562,26.77,27.16,82.95,60,84.07,1,1,1,1,0,1,1,63.43,994.08,Medium
MINE-002,Coal-Handling,0.825,11.16,26.02,80.16,11,95.79,1,1,2,2,1,1,1,79.8,1675.67,Medium
MINE-003,Workshop,0.05,25.64,31.0,55.26,55,89.67,1,1,1,0,0,1,0,77.81,1247.38,Medium
MINE-001,Pit-B,0.287,16.32,25.88,63.54,62,97.07,1,1,2,1,3,0,0,91.55,2291.63,Medium
MINE-001,Workshop,0.517,2.0,26.37,72.69,68,86.05,1,1,1,0,1,1,0,75.94,1265.95,Medium
MINE-003,Pit-A,0.797,19.59,28.25,74.72,30,90.95,1,1,1,0,1,1,1,99.74,1736.11,Medium
MINE-002,Pit-B,1.071,11.76,31.55,64.05,62,81.89,1,1,1,0,1,1,1,83.17,2201.21,Medium
MINE-002,Underground-Zone-1,0.24,18.0,31.94,77.72,35,93.62,1,1,2,0,3,0,1,71.17,2046.64,Medium
MINE-001,Pit-B,1.06,34.51,35.96,71.58,70,93.69,0,1,1,2,1,0,1,76.86,1527.63,High
MINE-003,Coal-Handling,0.392,20.25,35.87,41.08,96,94.24,1,1,2,0,1,1,1,94.74,1605.05,Low
MINE-002,Pit-C,0.505,7.83,35.1,65.14,17,93.95,1,1,1,1,4,1,1,96.46,2037.34,Medium
MINE-003,Underground-Zone-1,0.754,27.64,29.95,64.8,22,90.45,1,0,1,1,0,1,1,43.22,2203.44,High
MINE-003,Pit-B,0.479,21.63,23.64,80.14,98,82.13,1,1,2,0,2,1,0,62.46,2548.47,Medium
MINE-001,Underground-Zone-1,0.939,6.65,23.55,80.35,79,96.95,1,1,2,0,3,0,1,69.85,2202.6,Medium
MINE-002,Underground-Zone-1,0.408,2.0,35.07,51.93,17,90.77,1,1,2,0,1,1,1,96.28,2142.69,Low
MINE-001,Underground-Zone-1,0.414,8.23,34.38,77.26,28,93.36,0,1,1,0,5,1,1,94.35,1971.3,Medium
MINE-002,Pit-C,0.918,26.36,28.53,71.11,61,89.89,0,1,2,1,2,1,1,91.06,1860.43,Medium
MINE-002,Workshop,0.283,14.98,25.24,73.52,33,100.0,1,1,1,2,0,1,1,92.76,1614.54,Low
MINE-002,Underground-Zone-1,0.637,18.81,26.81,64.63,60,87.59,1,1,1,0,1,1,1,100.0,2049.23,Low
MINE-002,Pit-A,0.05,4.61,31.7,71.26,58,87.36,0,1,2,2,2,1,1,85.28,1681.77,Medium
MINE-002,Coal-Handling,1.187,26.63,31.71,85.8,9,81.63,1,1,1,0,0,1,1,92.16,2148.24,Medium
MINE-003,Pit-C,0.972,2.0,35.17,73.35,39,91.68,1,0,0,0,1,1,1,83.62,2161.18,High
MINE-001,Pit-B,1.513,11.45,29.2,71.49,23,100.0,0,1,1,0,1,1,1,91.73,2035.11,Medium
MINE-003,Pit-C,1.018,22.18,30.02,66.25,59,91.75,1,1,0,0,2,1,1,71.7,1488.86,Medium
MINE-002,Pit-B,0.155,6.77,35.5,84.63,81,92.36,1,1,1,0,2,0,1,66.72,1755.86,Medium
MINE-001,Pit-C,0.784,24.14,22.5,56.63,73,96.84,1,1,1,0,0,1,1,69.43,2341.93,Low
MINE-002,Pit-B,0.229,9.31,32.27,62.38,48,91.97,0,0,0,0,3,1,1,74.42,946.54,High
MINE-001,Underground-Zone-1,1.102,5.74,29.66,55.94,82,98.2,1,1,1,0,0,1,1,88.6,1895.04,Medium
MINE-003,Workshop,0.165,30.86,33.85,74.41,42,99.09,1,1,1,0,2,1,0,99.44,2178.53,Medium
MINE-001,Pit-B,0.148,19.54,33.05,86.16,66,87.44,1,1,1,0,0,1,1,70.13,2017.31,Low
MINE-001,Pit-B,0.05,23.19,28.21,68.05,26,82.42,1,0,0,0,1,1,1,100.0,2834.68,Medium
MINE-001,Pit-A,0.379,28.18,28.97,59.17,77,95.14,1,1,1,1,4,1,1,75.11,994.07,Medium
MINE-001,Pit-B,0.309,2.0,21.79,91.64,44,92.94,1,0,2,1,0,1,1,78.25,1208.18,Low
MINE-001,Pit-A,0.108,24.35,34.0,77.42,30,84.72,1,1,2,0,1,0,1,81.73,1891.16,Low
MINE-002,Coal-Handling,1.246,10.39,31.96,75.33,9,86.93,0,1,0,0,1,1,1,69.8,2265.98,Medium
MINE-001,Underground-Zone-1,0.735,11.71,36.59,69.72,97,86.91,1,0,1,1,0,1,1,71.5,1828.68,High
MINE-001,Pit-A,0.694,22.37,29.4,80.03,58,91.88,0,1,1,0,1,1,1,74.04,2459.0,Medium
MINE-003,Workshop,1.106,14.37,34.66,75.14,90,96.98,0,1,1,1,1,1,1,62.73,1511.38,High
MINE-001,Underground-Zone-1,0.64,23.95,26.72,66.22,53,97.32,1,1,2,0,1,1,1,67.34,1663.57,Low
MINE-003,Pit-A,0.288,17.59,20.18,68.23,7,95.74,1,1,1,0,2,1,1,77.0,2181.34,Medium
MINE-002,Underground-Zone-1,0.05,19.68,30.62,59.76,96,89.25,0,1,1,0,0,0,1,72.72,1623.13,Medium
MINE-001,Underground-Zone-1,0.268,13.1,28.73,58.27,42,100.0,1,1,1,0,2,1,1,69.57,2268.44,Medium
MINE-003,Underground-Zone-1,1.077,7.35,26.8,68.44,18,91.2,1,1,2,1,1,0,1,91.33,2147.38,Medium
MINE-003,Coal-Handling,0.111,10.6,34.59,85.85,51,88.67,1,1,1,0,0,1,1,55.24,1591.83,Medium
MINE-002,Workshop,0.674,16.97,35.83,59.59,18,82.8,1,1,1,2,1,1,1,85.61,1949.78,High
MINE-001,Pit-C,0.912,36.37,31.42,82.04,79,88.91,1,0,1,0,2,1,0,79.96,1560.99,High
MINE-001,Pit-C,0.65,32.72,30.27,62.41,77,93.63,1,1,1,2,2,1,1,81.68,1353.87,Medium
MINE-003,Pit-A,0.69,11.47,31.25,50.56,42,81.48,1,1,2,0,2,1,1,62.04,1604.34,Low
MINE-001,Underground-Zone-1,0.779,18.6,28.39,78.56,68,85.28,0,1,0,0,0,1,1,70.78,1710.28,Medium
MINE-003,Pit-A,0.683,15.12,33.25,91.55,48,88.2,1,1,1,1,1,1,1,83.09,1855.86,Medium
MINE-001,Coal-Handling,1.113,19.3,24.84,61.73,74,86.35,0,1,1,0,1,1,1,70.97,1745.66,Medium
MINE-003,Coal-Handling,0.186,20.59,26.71,53.16,69,85.85,1,0,0,1,1,1,1,58.02,922.5,High
MINE-001,Pit-B,0.634,23.28,27.83,77.46,29,97.75,1,1,1,0,2,1,1,74.5,2295.43,Medium
MINE-002,Coal-Handling,0.05,2.0,33.17,60.92,20,81.1,1,1,1,1,1,1,1,75.52,948.87,Low
MINE-001,Pit-B,0.05,21.66,29.79,78.44,19,92.05,1,1,1,0,1,1,1,87.48,1894.42,Low
MINE-001,Workshop,0.521,14.01,36.44,85.82,85,94.11,1,1,1,1,2,1,1,92.77,1429.51,Medium
MINE-002,Pit-A,0.74,10.95,34.21,75.97,7,88.1,1,1,0,1,1,1,1,79.79,1873.02,Medium
MINE-001,Workshop,1.121,25.94,27.8,81.72,71,89.64,1,1,2,1,1,1,1,83.68,1687.93,Medium
MINE-002,Coal-Handling,1.397,32.67,33.53,81.8,41,90.76,0,0,2,0,5,1,1,91.72,1973.86,High
MINE-001,Workshop,1.012,24.89,29.37,83.88,85,94.81,0,1,2,2,2,1,1,75.56,2060.23,High
MINE-003,Workshop,0.805,12.81,32.89,72.54,59,100.0,0,1,1,2,2,1,1,85.04,2318.95,High
MINE-003,Workshop,0.606,7.24,34.41,81.35,42,83.29,0,1,1,2,1,1,1,59.55,2186.57,High
MINE-001,Coal-Handling,0.05,2.0,35.46,73.97,67,85.5,1,1,1,1,2,1,1,70.69,1820.69,Medium
MINE-001,Underground-Zone-1,0.499,19.83,31.81,76.7,5,85.8,1,1,1,0,2,1,1,100.0,2271.6,Low
MINE-001,Workshop,1.002,23.79,37.4,98.0,75,90.92,1,1,2,0,1,1,1,91.32,1545.59,Medium
MINE-003,Pit-B,0.864,16.98,32.77,74.9,94,88.6,1,1,2,2,0,0,1,88.87,2640.45,Medium
MINE-001,Coal-Handling,0.1,27.34,31.54,54.03,23,95.0,0,1,2,2,1,1,1,66.48,1502.81,Medium
MINE-003,Workshop,0.765,4.8,29.79,69.63,56,87.06,1,0,1,0,2,1,1,58.2,1565.11,Medium
MINE-002,Underground-Zone-1,0.735,16.29,28.47,68.27,34,85.67,1,1,2,0,2,1,1,65.54,891.52,Medium
MINE-003,Coal-Handling,0.672,15.5,32.68,68.82,59,86.42,1,1,2,2,3,1,1,79.34,1466.13,Medium
MINE-003,Pit-C,0.54,16.9,31.4,83.44,18,91.69,1,1,1,0,1,1,1,84.91,1666.47,Low
MINE-002,Underground-Zone-1,0.783,29.68,32.04,85.57,17,96.78,1,1,1,0,0,1,1,98.59,1663.84,Low
MINE-003,Pit-B,0.794,16.95,32.92,70.73,88,90.73,1,1,1,2,1,1,1,62.34,2641.45,Medium
MINE-001,Workshop,0.325,15.05,32.03,55.3,94,87.65,1,1,1,1,2,1,1,70.63,2092.5,Medium
MINE-001,Pit-C,0.709,8.63,39.05,73.19,31,84.81,1,1,2,2,0,1,1,99.23,2269.5,Medium
MINE-003,Pit-C,0.484,31.29,28.89,65.48,93,99.77,1,1,1,0,1,1,0,57.34,1800.06,Medium
MINE-001,Coal-Handling,0.05,3.69,32.73,74.52,13,80.43,0,0,1,0,5,1,1,80.85,1449.46,Medium
MINE-003,Pit-C,0.353,12.47,30.09,70.55,45,89.88,1,0,1,1,2,1,0,52.99,2889.45,High
MINE-001,Pit-B,0.05,34.94,21.15,86.6,52,95.44,1,1,1,0,0,1,1,73.48,1749.54,Low
MINE-001,Pit-B,0.893,22.68,30.23,75.3,16,89.8,1,1,1,0,3,1,1,100.0,2122.24,Medium
MINE-003,Pit-A,0.675,17.8,27.25,65.52,14,87.6,1,1,2,2,1,1,1,85.14,1326.23,Medium
MINE-001,Pit-B,0.426,18.22,30.73,55.37,10,94.21,1,1,1,2,2,1,1,95.22,1214.69,Medium
MINE-003,Underground-Zone-1,1.047,8.54,30.89,71.42,38,84.44,1,0,2,0,0,1,1,85.1,2547.91,Medium
MINE-001,Pit-C,0.574,17.31,32.54,71.47,56,80.56,1,1,2,0,1,1,1,84.88,2016.25,Low
MINE-001,Pit-B,0.05,14.5,28.88,68.85,45,93.12,1,1,0,0,2,1,1,56.78,1688.77,Medium
MINE-002,Coal-Handling,0.396,19.8,29.38,81.3,87,85.03,1,1,2,0,0,1,1,100.0,1705.68,Low
MINE-002,Pit-A,1.121,2.94,33.8,55.41,10,91.79,1,1,1,0,0,1,1,99.2,1282.45,Low
MINE-003,Pit-C,0.316,21.98,27.76,62.85,6,90.26,1,1,1,0,1,1,1,68.3,1519.47,Medium
MINE-002,Pit-A,0.646,28.17,23.65,72.64,19,92.57,1,1,1,0,0,0,0,97.91,2012.86,Medium
MINE-003,Pit-C,0.81,15.96,31.63,65.29,21,89.64,1,0,1,2,2,1,0,91.83,1822.82,High
MINE-002,Coal-Handling,0.756,24.47,35.28,67.72,20,94.31,1,1,0,0,4,1,1,86.5,2176.41,Medium
MINE-001,Pit-A,1.407,21.1,33.76,71.28,32,86.78,0,1,2,1,2,1,1,80.76,429.63,High
MINE-003,Workshop,0.138,11.92,31.7,80.23,89,95.69,1,0,1,1,0,1,1,76.69,1887.15,Medium
MINE-003,Underground-Zone-1,0.173,7.41,36.0,70.79,76,83.69,1,1,0,1,1,1,1,100.0,2189.92,Medium
MINE-001,Underground-Zone-1,0.144,8.82,35.33,48.36,14,98.04,1,0,1,2,3,0,1,79.75,696.92,High
MINE-003,Pit-C,0.446,20.93,29.68,64.77,14,100.0,1,1,1,1,0,1,1,84.14,1283.0,Medium
MINE-003,Workshop,0.935,17.44,31.99,77.95,14,91.65,1,1,1,2,1,1,1,99.54,1076.98,Medium
MINE-002,Pit-A,0.189,30.75,32.16,81.15,77,100.0,1,1,0,0,3,1,1,93.12,2448.26,Medium
MINE-003,Workshop,0.94,25.91,30.65,81.81,32,100.0,1,1,1,1,0,1,1,61.94,1836.05,Medium
MINE-001,Workshop,0.562,25.89,35.54,85.21,28,89.07,0,1,0,0,0,1,1,70.4,1870.57,High
MINE-002,Pit-A,0.162,20.63,30.39,73.42,23,91.29,1,1,1,2,2,1,0,67.31,2367.23,Medium
MINE-002,Coal-Handling,0.05,8.38,29.0,75.16,72,86.12,1,1,2,0,0,1,1,83.79,1744.6,Low
MINE-001,Workshop,0.05,21.25,20.63,59.83,60,86.5,1,1,0,0,1,0,1,71.73,1475.07,Medium
MINE-001,Workshop,0.317,18.64,27.81,45.91,71,92.4,1,1,1,1,1,0,1,73.03,1885.6,Medium
MINE-002,Coal-Handling,0.491,6.62,25.74,54.99,46,81.19,1,1,2,0,3,1,1,74.95,2015.11,Low
MINE-003,Workshop,1.021,30.1,30.84,63.58,16,96.01,1,1,0,1,1,1,1,82.82,1234.58,Medium
MINE-002,Workshop,0.83,29.02,25.99,55.68,22,92.0,0,0,0,2,2,1,1,74.61,2583.21,High
MINE-001,Workshop,0.256,6.56,33.43,68.48,27,95.09,1,0,1,2,1,1,1,90.59,853.38,Medium
MINE-002,Underground-Zone-1,0.693,11.62,35.43,66.45,88,89.91,1,1,2,0,0,1,1,63.82,1963.23,Low
MINE-001,Pit-B,1.128,12.5,30.88,83.25,10,95.04,1,1,2,0,0,1,1,58.76,2636.85,Medium
MINE-002,Coal-Handling,1.206,24.1,27.06,60.37,57,92.49,1,1,2,1,0,1,1,69.52,1860.52,Medium
MINE-003,Workshop,0.44,22.95,32.15,73.69,46,94.04,1,1,1,1,1,1,1,64.78,772.57,Medium
MINE-002,Underground-Zone-1,0.885,18.44,38.57,66.96,70,96.41,1,1,2,1,1,1,1,78.72,2543.3,Medium
MINE-002,Coal-Handling,1.036,20.74,37.33,59.92,34,83.41,1,1,0,1,0,1,1,72.8,1559.39,Medium
MINE-001,Pit-C,0.05,5.12,25.38,63.27,13,86.78,1,1,1,1,1,1,1,61.12,2190.44,Medium
MINE-001,Pit-C,0.371,21.81,25.23,47.38,95,100.0,1,1,1,0,1,1,1,60.87,2009.46,Low
MINE-001,Workshop,1.327,16.99,24.2,80.98,46,92.24,1,1,1,1,1,1,1,80.38,1791.89,Medium
MINE-002,Underground-Zone-1,0.445,11.21,26.45,88.83,38,80.7,1,0,1,0,3,1,1,89.71,770.53,Medium
MINE-003,Underground-Zone-1,0.05,2.67,32.01,68.79,44,80.73,1,1,1,0,1,1,1,68.83,2003.48,Medium
MINE-001,Coal-Handling,0.508,18.27,28.77,72.35,92,90.55,1,1,1,1,1,1,1,76.86,2169.05,Medium
MINE-001,Coal-Handling,0.944,21.57,27.65,68.45,21,87.86,1,0,1,0,2,1,1,69.65,999.51,Medium
MINE-002,Underground-Zone-1,0.552,2.0,35.16,62.16,33,86.16,0,1,1,1,1,1,1,76.03,2637.29,Medium
MINE-001,Coal-Handling,0.8,18.18,33.12,80.46,54,100.0,1,1,1,0,2,1,1,100.0,1606.91,Medium
MINE-003,Underground-Zone-1,0.878,19.22,24.18,75.83,80,88.79,0,1,1,0,1,1,1,100.0,2708.2,Medium
MINE-003,Pit-B,0.426,12.46,34.93,37.05,99,95.93,1,1,1,0,0,1,0,72.2,2133.51,Medium
MINE-001,Underground-Zone-1,0.368,21.8,33.02,59.58,53,92.5,1,1,1,1,1,1,1,71.35,1811.84,Medium
MINE-001,Pit-C,0.604,16.67,33.11,47.36,77,89.23,1,1,0,0,0,0,1,83.62,1852.38,Medium
MINE-002,Coal-Handling,0.612,20.83,28.72,90.66,65,84.15,1,1,2,1,1,1,0,79.57,2292.42,Medium
MINE-003,Underground-Zone-1,0.569,23.34,30.25,69.94,87,95.62,1,1,0,1,1,1,1,86.86,2563.99,Medium
MINE-003,Underground-Zone-1,0.583,23.35,23.11,74.89,50,76.93,1,1,1,0,0,0,1,76.38,1314.07,Medium
MINE-001,Coal-Handling,0.288,28.17,34.47,67.76,50,96.22,0,1,0,2,1,1,1,75.63,1500.71,High
MINE-002,Pit-B,0.813,21.38,27.0,85.23,21,91.91,1,1,2,2,1,1,1,83.74,2629.01,Medium
MINE-003,Pit-B,0.76,13.23,27.52,82.33,70,94.71,1,1,0,2,2,1,1,81.15,1358.92,Medium
MINE-003,Coal-Handling,0.082,11.52,27.46,69.41,9,91.05,1,0,1,1,1,1,1,71.73,1811.07,Medium
MINE-002,Pit-A,0.414,7.37,38.2,92.62,58,83.59,1,0,0,0,4,1,1,79.61,1456.36,High
MINE-002,Coal-Handling,0.583,19.51,28.33,74.22,20,93.41,1,1,2,0,0,1,1,79.65,2169.61,Low
MINE-003,Coal-Handling,0.363,31.21,34.77,54.48,85,96.09,1,1,2,1,2,1,1,42.13,568.16,Medium
MINE-003,Pit-B,0.773,14.42,30.9,73.2,95,88.13,1,1,1,0,3,1,1,77.26,2167.33,Medium
MINE-002,Pit-B,0.527,22.5,27.68,78.21,11,94.94,1,1,2,1,0,1,1,89.74,2380.18,Medium
MINE-003,Coal-Handling,0.609,10.48,26.96,70.4,12,92.78,1,1,1,0,0,1,0,72.3,2128.73,Medium
MINE-001,Coal-Handling,0.41,19.95,28.48,67.06,76,93.7,1,0,2,0,3,1,1,68.33,1384.28,Medium
MINE-001,Coal-Handling,0.05,30.59,30.7,93.17,91,85.84,1,1,2,1,2,1,1,68.38,400.0,Medium
MINE-002,Pit-B,0.05,24.86,33.41,57.77,100,98.69,0,0,1,0,1,1,1,82.27,1461.26,Medium
MINE-002,Coal-Handling,0.756,2.29,29.12,38.84,86,92.78,1,0,1,0,1,1,1,65.17,2125.89,Medium
MINE-002,Coal-Handling,0.643,23.71,28.97,91.43,42,95.99,0,1,2,2,0,1,1,81.09,1787.72,Medium
MINE-001,Workshop,0.704,24.16,27.48,57.29,58,88.67,0,1,1,0,1,1,0,80.07,2239.4,High
MINE-003,Pit-A,0.597,19.73,26.22,68.56,80,96.89,1,0,2,0,0,1,1,60.66,1689.39,Medium
MINE-001,Pit-C,0.625,24.68,25.89,67.47,19,88.47,0,1,1,0,2,1,1,90.29,1664.08,Medium
MINE-003,Pit-A,0.889,9.66,34.95,86.78,96,85.65,1,0,1,0,3,1,1,94.27,2600.09,Medium
MINE-001,Workshop,0.706,18.63,28.88,89.22,54,100.0,1,1,1,0,0,1,1,81.27,1454.76,Medium
MINE-003,Pit-C,0.914,29.1,29.24,56.49,60,76.76,1,1,2,1,0,0,1,78.5,2123.28,Medium
MINE-001,Coal-Handling,0.61,28.2,28.33,88.28,99,100.0,1,1,1,1,1,1,1,71.49,2192.05,Medium
MINE-002,Workshop,0.445,23.48,29.73,88.06,13,95.21,1,1,0,2,1,0,1,71.99,2985.69,High
MINE-001,Coal-Handling,0.618,9.17,32.48,72.23,12,89.11,1,1,1,0,2,1,1,72.37,2627.85,Low
MINE-003,Pit-B,0.257,7.6,29.05,83.19,23,92.96,1,0,2,1,3,1,1,87.66,2074.51,Medium
MINE-001,Underground-Zone-1,0.417,19.15,31.72,84.39,55,95.21,1,1,1,1,1,0,1,85.45,2154.87,Medium
MINE-001,Workshop,0.612,19.81,36.67,68.97,76,89.01,1,1,1,0,1,1,1,52.38,2430.94,Medium
MINE-001,Pit-B,0.608,17.0,27.72,70.11,61,100.0,1,1,1,0,1,1,0,58.74,1479.2,Medium
MINE-002,Workshop,0.513,9.95,29.24,79.07,72,99.85,1,1,2,1,0,1,1,67.23,2680.72,Low
MINE-001,Workshop,0.064,22.37,33.56,52.46,35,100.0,1,1,0,1,3,1,1,71.96,1784.4,Medium
MINE-002,Pit-B,0.773,19.1,36.99,67.75,7,83.67,1,1,1,0,2,1,1,83.6,2140.87,Medium
MINE-002,Pit-C,0.842,20.9,26.03,57.6,87,92.29,0,1,1,0,3,1,1,70.99,1980.74,High
MINE-001,Pit-A,1.125,23.93,24.2,89.08,47,82.68,1,0,1,0,1,1,1,83.45,1421.49,Medium
MINE-001,Coal-Handling,0.705,15.26,31.0,67.61,33,84.45,0,1,1,0,2,1,1,98.75,1609.51,Medium
MINE-001,Workshop,0.551,13.11,30.58,75.32,14,89.04,1,1,1,0,7,1,1,70.43,1401.31,Medium
MINE-003,Coal-Handling,0.195,29.08,33.8,69.38,16,89.15,1,0,2,0,2,1,1,66.1,1909.64,Medium
MINE-001,Underground-Zone-1,1.072,10.43,33.19,68.6,50,93.22,1,1,1,1,1,0,1,63.35,1034.06,Medium
MINE-002,Pit-B,0.637,13.31,30.86,74.53,34,90.34,1,1,1,1,0,1,0,64.55,1305.52,Medium
MINE-001,Coal-Handling,0.618,30.34,35.2,63.23,98,95.8,1,1,1,1,2,1,1,85.21,1578.31,Medium
MINE-003,Pit-B,0.461,12.53,28.28,69.62,86,92.91,1,1,2,1,0,1,1,87.86,1721.13,Low
MINE-001,Coal-Handling,0.439,17.01,31.85,69.53,92,100.0,1,0,1,0,4,1,0,86.15,2527.92,High
MINE-003,Pit-A,0.791,13.88,26.14,66.92,36,95.97,1,1,0,0,1,1,1,64.36,2297.48,Medium
MINE-003,Pit-A,0.192,2.0,30.83,76.69,77,83.93,1,1,0,0,0,1,1,73.02,1741.35,Low
MINE-001,Pit-A,1.119,16.77,25.16,66.64,51,90.13,1,1,1,0,0,1,1,73.06,2707.2,Low
MINE-002,Pit-A,1.043,7.89,26.54,91.33,92,90.53,1,1,2,2,2,1,1,100.0,1967.8,Medium
MINE-003,Pit-A,0.426,20.55,37.84,79.55,67,93.64,1,1,1,1,1,1,1,81.85,2137.06,Medium
MINE-001,Pit-A,0.248,29.06,23.7,55.81,30,97.45,1,1,1,0,0,0,1,79.44,854.45,Low
MINE-001,Pit-B,0.05,2.0,30.13,78.61,7,92.7,1,0,1,0,1,1,0,81.61,1329.13,Medium
MINE-002,Workshop,0.112,13.93,34.31,63.73,27,94.47,1,1,1,0,4,1,1,72.42,2323.82,Medium
MINE-003,Coal-Handling,0.805,22.52,39.89,73.63,79,84.19,1,1,1,0,2,0,0,83.24,2127.38,High
MINE-003,Pit-A,0.66,2.0,31.71,63.23,78,88.24,1,1,0,0,0,1,1,71.78,2697.61,Low
MINE-001,Pit-B,0.723,31.36,31.94,45.67,54,79.53,1,1,1,0,1,1,1,96.56,2658.75,Low
MINE-001,Pit-B,0.05,21.8,31.16,71.74,40,93.65,1,1,1,0,2,1,0,66.67,1534.65,Medium
MINE-002,Pit-B,0.411,28.83,35.23,54.79,17,96.05,1,0,1,0,1,0,1,80.46,2375.56,High
MINE-002,Workshop,1.029,12.36,32.73,77.04,33,83.09,0,0,2,1,2,1,1,86.72,1308.71,High
MINE-003,Coal-Handling,0.516,13.57,28.7,74.1,42,91.95,1,1,0,1,2,1,0,76.96,1005.98,High
MINE-003,Workshop,0.105,16.39,35.46,64.75,81,90.39,1,1,1,1,2,0,1,79.65,1959.54,Medium
MINE-001,Pit-C,0.511,39.38,29.15,93.91,94,100.0,1,1,1,0,1,1,1,75.38,2182.69,Medium
MINE-003,Pit-B,0.28,31.18,24.61,57.13,88,85.63,0,0,1,1,1,1,0,66.13,1967.37,High
MINE-002,Pit-C,0.667,19.32,24.62,64.51,9,96.51,0,1,2,1,0,1,1,100.0,2278.08,Medium
MINE-002,Underground-Zone-1,0.557,20.54,30.2,58.55,24,97.86,0,1,1,0,1,1,1,73.34,1509.19,Medium
MINE-001,Pit-A,0.74,24.35,31.41,96.5,82,89.83,0,0,2,0,0,1,1,61.03,2309.41,Medium
MINE-002,Pit-A,0.124,41.92,34.82,88.23,18,92.75,0,1,1,0,0,1,0,68.6,1540.05,High
MINE-002,Workshop,0.393,21.83,33.56,54.93,12,97.46,1,1,0,0,0,1,0,95.27,2994.41,Medium
MINE-002,Coal-Handling,0.932,18.46,31.32,62.09,52,84.4,1,1,0,0,0,1,1,100.0,2228.03,Low
MINE-002,Pit-C,0.076,14.61,35.05,62.5,17,88.44,1,0,1,1,3,0,1,82.83,2588.67,High
MINE-001,Coal-Handling,0.199,20.35,31.05,65.39,28,92.12,1,0,1,0,1,1,1,88.27,1177.77,Medium
MINE-001,Workshop,0.62,12.13,25.84,59.49,83,100.0,0,1,2,0,1,1,1,100.0,1589.65,Medium
MINE-003,Pit-A,0.65,22.96,24.97,64.73,69,88.6,1,1,1,0,1,1,0,65.51,1757.14,Medium
MINE-002,Coal-Handling,0.379,3.67,36.11,84.06,90,89.39,1,1,2,0,1,1,0,83.1,1219.17,Medium
MINE-003,Coal-Handling,0.453,15.39,22.02,95.36,38,100.0,1,1,1,2,4,1,1,100.0,2607.31,Medium
MINE-001,Pit-A,0.737,25.35,30.2,53.47,55,94.98,0,1,1,2,3,0,1,88.91,1828.37,High
MINE-001,Pit-C,0.847,21.69,42.93,59.51,7,100.0,0,1,1,0,0,1,0,74.46,1045.21,High
MINE-001,Pit-A,0.176,13.37,32.84,74.56,94,97.56,1,0,1,0,3,1,1,82.7,1551.66,Medium
MINE-001,Coal-Handling,0.678,15.68,30.17,53.04,82,90.12,0,1,2,1,2,0,1,100.0,1238.35,Medium
MINE-001,Pit-C,1.079,28.35,24.26,74.87,62,89.27,1,1,0,0,2,1,1,79.97,2172.59,Medium
MINE-001,Pit-C,0.509,5.9,37.47,78.48,76,86.05,0,1,2,1,3,1,1,65.99,2103.51,High
MINE-001,Pit-A,0.172,5.95,35.86,80.41,59,83.17,1,0,1,2,0,1,1,85.95,2123.8,Medium
MINE-002,Coal-Handling,0.156,8.7,33.74,78.15,84,93.04,0,1,2,1,0,0,1,66.26,2290.33,Medium
MINE-003,Workshop,0.494,17.89,31.0,65.58,46,94.76,1,0,1,0,0,1,1,68.45,2898.6,Medium
MINE-001,Coal-Handling,0.913,4.43,33.29,69.82,25,95.48,1,1,1,1,0,1,1,71.95,2707.27,Medium
MINE-002,Pit-B,0.536,27.53,30.41,57.85,14,90.26,1,1,1,2,1,1,1,77.76,1576.05,Medium
MINE-002,Underground-Zone-1,0.616,8.76,27.11,77.57,61,100.0,1,1,0,1,1,0,0,67.01,2864.71,High
MINE-003,Workshop,0.201,20.24,34.83,91.24,29,82.85,1,1,1,0,1,1,1,83.34,1699.86,Medium
MINE-001,Pit-C,0.894,12.21,30.8,77.55,60,82.17,1,1,0,2,1,1,1,73.48,1852.46,Medium
MINE-003,Workshop,0.149,17.35,33.09,63.66,42,86.08,1,1,1,2,0,0,1,88.64,1835.57,Medium
MINE-001,Pit-C,0.373,2.0,30.52,83.94,90,91.04,0,1,0,2,1,1,0,78.53,2132.35,High
MINE-002,Pit-C,0.77,28.01,32.85,98.0,65,84.42,1,1,2,0,2,1,1,76.0,866.6,Medium
MINE-002,Workshop,0.05,8.39,30.94,74.92,51,99.08,0,1,1,1,2,1,1,76.51,1812.45,Medium
MINE-002,Pit-C,0.611,7.34,30.63,78.65,58,86.57,1,1,2,1,0,1,1,96.98,1947.68,Low
MINE-002,Pit-C,0.186,41.79,31.12,80.13,50,85.49,0,0,0,0,2,1,1,89.47,957.6,High
MINE-003,Pit-B,0.556,23.54,42.84,52.75,72,97.33,1,0,1,0,1,1,1,59.43,948.29,High
MINE-001,Coal-Handling,0.427,27.62,34.21,67.07,8,92.24,0,1,1,1,2,1,1,71.51,1387.14,High
MINE-001,Coal-Handling,1.287,22.59,41.34,65.83,98,95.71,1,1,1,2,1,1,1,79.25,1429.73,High
MINE-003,Underground-Zone-1,0.412,13.48,30.97,82.02,70,90.71,1,1,2,2,1,1,1,49.71,1821.45,Medium
MINE-001,Underground-Zone-1,1.195,4.93,29.76,80.62,97,92.63,1,1,2,0,3,1,0,83.57,1733.46,Medium
MINE-002,Pit-B,0.755,15.01,26.7,70.55,47,82.4,1,1,1,0,3,1,1,66.97,2387.01,Medium
MINE-001,Underground-Zone-1,0.269,8.22,37.41,65.11,66,90.11,1,1,2,0,1,1,1,68.45,1610.02,Medium
MINE-002,Workshop,0.666,8.82,27.38,51.76,89,84.71,1,1,1,2,1,1,1,68.88,1619.34,Medium
MINE-003,Pit-A,0.443,2.17,38.24,71.82,89,100.0,1,1,2,0,0,1,1,94.37,2301.95,Low
MINE-001,Pit-A,0.635,19.14,26.94,60.55,89,98.76,0,0,1,1,0,1,1,85.92,848.65,High
MINE-003,Pit-A,0.3,33.73,34.55,59.06,8,87.08,0,1,2,1,0,1,0,72.14,2686.8,High
MINE-001,Pit-B,1.142,23.58,24.64,83.12,69,89.75,1,1,2,2,0,1,0,70.69,1038.74,High
MINE-002,Pit-B,0.874,16.94,29.23,81.86,66,90.04,1,1,0,0,2,1,1,80.14,2310.43,Medium
MINE-003,Pit-C,0.561,17.59,31.09,66.14,94,100.0,1,1,1,1,2,1,1,98.74,2222.08,Medium
MINE-001,Pit-A,1.155,2.0,28.61,53.17,6,93.38,1,0,1,2,0,1,1,74.66,2582.62,High
MINE-002,Workshop,0.576,13.76,30.32,62.09,13,88.43,1,0,1,1,2,1,1,53.78,1442.8,High
MINE-003,Underground-Zone-1,0.934,3.73,30.34,83.92,61,91.88,1,0,2,0,2,1,1,80.19,1821.04,Medium
MINE-003,Workshop,0.563,19.34,34.23,77.61,49,81.78,1,0,2,0,2,1,1,81.55,1224.17,Medium
MINE-001,Underground-Zone-1,0.688,15.4,22.65,66.34,22,90.56,0,0,1,1,2,0,1,82.8,1769.35,High
MINE-001,Pit-A,0.521,9.31,28.75,72.71,52,84.51,1,1,1,0,1,1,1,77.51,1748.8,Low
MINE-001,Pit-A,0.583,19.12,36.02,47.1,46,79.91,1,1,0,1,3,1,1,79.77,2576.81,High
MINE-002,Pit-A,0.61,19.03,33.25,46.19,45,100.0,1,1,1,1,1,1,1,65.25,2068.78,Medium
MINE-001,Pit-B,0.316,33.19,36.09,95.73,79,90.84,1,1,1,2,2,1,1,92.18,1783.05,High
MINE-003,Underground-Zone-1,0.41,24.86,34.04,78.08,93,86.37,1,1,0,0,1,1,1,71.19,1776.58,Medium
MINE-003,Pit-B,0.474,20.17,26.67,72.02,94,80.82,0,1,1,1,2,1,1,74.65,1570.43,Medium
MINE-001,Pit-B,0.63,8.52,33.64,67.24,62,89.67,0,0,1,0,1,0,1,83.11,1680.46,High
MINE-001,Coal-Handling,0.539,7.27,31.4,50.86,46,90.1,1,0,0,0,2,1,1,80.76,1841.07,Medium
MINE-003,Workshop,0.961,23.99,40.07,83.92,39,95.59,1,1,1,0,0,0,1,98.49,2769.45,High
MINE-002,Workshop,0.846,16.0,34.21,58.36,42,85.28,1,1,0,1,1,1,1,95.02,2000.9,Medium
MINE-001,Pit-C,0.481,20.49,33.09,80.45,71,87.8,1,1,2,1,0,1,0,71.59,1282.33,Medium
MINE-001,Pit-B,1.034,27.78,33.68,73.58,45,85.45,0,1,1,0,1,1,1,100.0,3104.02,Medium
MINE-003,Underground-Zone-1,1.206,2.87,32.88,71.37,54,89.69,1,1,2,0,2,1,1,90.34,2317.24,Medium
MINE-001,Coal-Handling,0.05,31.97,32.77,56.37,90,79.04,0,1,0,1,0,1,1,79.69,2285.99,Medium
MINE-002,Coal-Handling,0.876,27.69,29.93,56.53,76,86.17,1,1,2,1,1,1,1,69.38,1692.0,Medium
MINE-003,Workshop,0.307,2.0,33.14,76.68,83,94.78,1,1,1,1,0,1,1,77.16,2198.76,Medium
MINE-001,Pit-B,0.83,41.53,34.79,72.95,49,83.65,1,1,2,2,2,1,1,53.09,1952.15,High
MINE-003,Pit-C,0.983,21.21,35.24,72.57,75,97.0,1,1,2,2,2,1,0,85.06,1120.36,High
MINE-001,Pit-B,0.243,13.21,34.76,75.43,23,96.24,1,0,1,0,2,1,1,60.85,2026.82,Medium
MINE-001,Pit-A,0.05,23.19,37.03,48.76,21,96.74,1,1,2,0,0,1,1,84.34,1172.53,Low
MINE-001,Pit-B,0.842,8.23,35.49,84.18,69,90.97,1,1,1,1,0,1,1,71.77,1949.02,Medium
MINE-002,Pit-A,0.597,23.46,33.51,67.73,97,90.43,1,1,1,1,0,0,1,79.66,1995.66,Medium
MINE-002,Pit-A,0.05,10.07,26.43,86.04,81,92.92,1,0,1,0,0,0,1,69.99,1343.84,Medium
MINE-003,Pit-C,1.435,38.2,26.43,47.9,60,98.92,1,1,2,1,1,1,1,68.62,1858.78,Medium
MINE-001,Underground-Zone-1,0.769,18.6,30.01,78.83,97,98.38,1,1,2,0,0,0,0,87.54,2097.23,Medium
MINE-001,Workshop,0.785,24.5,31.19,78.71,45,81.03,1,1,1,2,1,1,1,69.87,1543.72,High
MINE-002,Pit-B,1.028,10.14,36.59,54.17,46,85.75,1,1,1,1,5,1,1,66.28,2028.58,High
MINE-001,Pit-A,0.347,26.16,20.0,64.33,10,84.68,1,1,2,0,1,0,1,64.35,2436.15,Medium
MINE-002,Pit-B,0.596,17.87,26.87,59.29,73,95.36,1,1,2,0,1,1,1,89.11,2221.08,Low
MINE-001,Underground-Zone-1,0.088,3.88,30.22,82.36,79,86.92,1,0,2,0,1,1,1,63.45,1645.05,Low
MINE-003,Workshop,0.337,15.61,27.01,75.71,77,89.78,1,1,1,1,0,1,1,78.07,2526.59,Medium
MINE-001,Underground-Zone-1,0.685,37.31,27.81,91.19,44,100.0,1,1,1,1,0,1,1,100.0,2176.45,Medium
MINE-001,Workshop,0.05,26.59,29.0,74.44,45,97.73,1,1,1,1,1,0,0,69.05,1715.45,Medium
MINE-002,Coal-Handling,0.327,14.21,27.22,80.79,13,99.26,1,1,1,0,2,1,1,67.84,1491.6,Medium
MINE-001,Workshop,0.225,2.0,27.91,86.06,12,86.7,0,1,1,0,1,1,1,92.13,2109.36,Low
MINE-001,Pit-C,0.6,9.68,36.45,78.65,48,74.37,0,1,1,0,1,1,1,62.57,2342.68,Medium
MINE-002,Underground-Zone-1,0.751,3.94,33.46,67.39,62,88.63,1,1,1,0,1,1,1,92.11,2367.04,Low
MINE-003,Pit-A,0.81,2.0,34.06,65.16,71,82.36,1,0,1,0,1,1,1,73.05,2108.15,Medium
MINE-003,Coal-Handling,0.9,25.86,30.86,71.04,17,79.34,1,1,0,0,1,1,1,89.74,1629.52,Medium
MINE-002,Pit-C,1.03,18.62,35.04,81.56,23,97.77,1,1,1,0,3,0,1,83.7,2084.06,Medium
MINE-002,Pit-B,0.763,35.95,34.39,62.81,100,85.65,1,1,1,1,1,1,1,85.47,1369.58,Medium
MINE-002,Underground-Zone-1,1.211,8.02,33.39,79.83,53,86.16,1,1,1,2,1,1,0,72.24,1945.01,High
MINE-002,Pit-A,0.592,17.98,28.38,75.87,84,88.81,1,1,1,0,1,1,1,72.9,2699.15,Medium
MINE-002,Workshop,0.489,4.06,29.23,56.96,86,100.0,1,0,0,1,2,1,0,71.22,1296.27,High
MINE-003,Pit-A,0.763,12.05,35.23,79.24,82,90.03,1,1,2,0,1,0,1,95.28,1523.26,Medium
MINE-003,Pit-B,0.474,15.78,28.93,73.7,34,96.71,1,1,1,0,0,1,1,78.08,2273.38,Low
MINE-002,Coal-Handling,1.198,14.25,25.85,65.39,70,89.11,1,1,2,2,2,1,1,100.0,1361.81,Medium
MINE-001,Coal-Handling,0.946,18.54,28.86,73.53,81,81.52,0,1,1,0,2,0,1,81.01,2567.36,High
MINE-002,Underground-Zone-1,0.813,27.72,37.24,65.86,95,83.86,0,1,2,0,1,1,1,75.6,2288.06,Medium
MINE-001,Coal-Handling,0.596,26.66,28.86,74.97,63,90.98,1,1,1,0,2,1,1,75.19,2308.92,Medium
MINE-002,Underground-Zone-1,0.407,10.31,32.31,69.98,57,91.65,1,1,1,0,1,1,0,68.94,2368.93,Medium
MINE-002,Underground-Zone-1,0.795,17.7,28.54,53.64,56,94.26,1,1,2,1,0,1,1,80.92,1153.79,Medium
MINE-003,Underground-Zone-1,0.156,25.94,34.05,70.34,85,94.26,1,1,1,0,0,1,1,76.85,1259.18,Low
MINE-001,Workshop,1.087,28.36,33.15,66.69,35,96.4,1,1,1,0,1,1,1,70.01,2460.05,Medium
MINE-001,Pit-C,0.488,11.39,25.04,79.63,19,86.39,1,1,1,2,0,1,1,77.23,1646.54,Medium
MINE-003,Underground-Zone-1,0.657,25.08,32.07,82.56,24,100.0,0,1,1,0,1,1,1,71.49,1763.86,Medium
MINE-003,Underground-Zone-1,0.232,21.31,24.27,65.89,9,100.0,1,1,2,0,1,1,1,81.73,2153.95,Low
MINE-003,Pit-C,0.803,7.34,28.78,62.53,11,87.88,1,0,2,2,1,1,1,87.3,1875.65,High
MINE-003,Pit-A,0.391,26.0,30.95,51.84,22,86.24,1,1,1,0,1,1,0,69.84,2340.34,Medium
MINE-001,Underground-Zone-1,0.777,19.52,38.39,62.23,60,80.29,0,1,1,2,1,1,1,72.06,2089.25,High
MINE-001,Workshop,0.815,2.0,32.27,68.12,79,92.03,1,1,2,2,0,1,1,66.25,1701.12,Medium
MINE-002,Coal-Handling,0.323,15.06,27.93,55.93,100,93.71,1,1,2,0,2,1,1,92.74,1752.53,Low
MINE-002,Coal-Handling,0.157,18.4,29.73,82.72,95,87.52,1,1,0,0,0,1,0,54.93,1929.17,Medium
MINE-003,Pit-B,1.086,11.94,34.7,75.15,94,92.7,1,1,1,0,0,1,1,69.44,1994.98,Medium
MINE-003,Pit-B,0.483,30.28,27.99,70.55,49,82.67,1,1,1,2,3,1,1,87.22,2202.37,Medium
MINE-003,Coal-Handling,0.629,30.64,35.39,71.8,32,96.81,1,1,2,0,3,1,1,69.79,1882.78,High
MINE-002,Coal-Handling,0.72,14.18,28.91,75.67,54,87.81,1,1,0,1,0,1,1,69.32,1757.71,Medium
MINE-002,Workshop,0.111,13.08,27.34,79.6,6,92.73,1,1,1,2,2,1,1,86.74,1709.97,Medium
MINE-002,Pit-C,0.712,16.69,29.04,81.71,88,92.26,1,0,1,1,0,1,1,48.52,1583.94,High
MINE-002,Pit-B,0.585,16.0,24.53,68.29,72,79.24,1,0,2,2,1,1,1,78.38,2602.41,Medium
MINE-002,Pit-C,0.325,12.07,22.31,70.3,81,96.0,1,0,2,1,1,1,1,70.85,1363.39,Medium
MINE-002,Workshop,0.145,2.0,30.67,74.08,28,86.29,1,1,1,2,3,1,1,71.11,1169.77,Medium
MINE-002,Coal-Handling,0.762,35.55,30.73,69.81,52,92.22,1,0,1,0,2,1,1,91.88,2245.7,Medium
MINE-003,Underground-Zone-1,0.945,18.0,32.03,82.47,49,82.54,0,1,2,1,2,1,0,77.73,2040.7,High
MINE-003,Pit-C,0.613,16.22,30.65,86.73,97,88.12,1,1,1,1,0,0,1,63.0,2832.2,Medium
MINE-003,Coal-Handling,0.05,21.25,40.32,76.13,62,93.18,0,1,1,0,0,1,1,58.77,1758.29,Medium
MINE-003,Coal-Handling,0.18,17.2,31.67,61.1,40,84.52,0,1,2,0,0,1,1,77.21,1785.51,Low
MINE-002,Pit-A,0.399,13.7,25.49,78.1,6,84.85,0,1,1,1,1,1,0,60.1,1388.17,Medium
MINE-001,Pit-C,1.098,7.94,26.52,76.6,22,91.75,0,1,1,0,0,1,1,93.68,1850.37,Medium
MINE-002,Underground-Zone-1,0.464,2.0,31.0,60.1,53,89.99,1,1,1,0,1,1,1,63.65,933.11,Low
MINE-001,Pit-C,0.386,4.46,29.26,76.59,12,93.1,1,1,1,0,0,1,1,77.84,856.12,Low
MINE-003,Coal-Handling,0.05,6.83,26.09,65.47,62,88.79,1,1,2,2,1,1,1,52.71,1528.3,Medium
MINE-002,Underground-Zone-1,0.32,24.51,30.76,80.95,19,94.85,1,0,0,0,2,1,1,53.36,1833.16,High
MINE-003,Workshop,0.118,25.25,30.82,78.0,21,87.6,1,1,1,1,0,1,1,75.27,1506.52,Low
MINE-002,Pit-A,0.199,9.18,37.38,74.68,27,94.58,1,1,1,0,0,1,1,100.0,1510.75,Low
MINE-003,Coal-Handling,0.592,2.0,27.34,72.46,70,85.56,1,1,1,0,2,1,1,70.69,1045.85,Medium
MINE-001,Pit-B,0.41,18.09,29.33,46.4,74,87.33,1,1,2,0,1,1,1,86.98,2115.78,Low
MINE-001,Pit-B,1.145,13.78,37.37,57.43,97,95.38,1,1,1,1,1,1,1,71.59,1443.67,Medium
MINE-001,Pit-A,0.927,13.54,32.31,70.43,31,87.91,1,1,0,1,3,1,1,91.22,2629.77,Medium
MINE-002,Workshop,0.337,27.56,27.31,90.23,41,83.97,1,1,1,1,2,1,1,76.81,1765.38,Medium
MINE-001,Coal-Handling,0.229,19.39,28.14,78.78,53,100.0,1,1,1,1,2,1,1,61.8,1274.28,Medium
MINE-002,Pit-C,1.034,8.24,26.14,93.77,68,90.79,1,1,0,0,0,1,1,74.76,647.15,Medium
MINE-001,Pit-A,1.131,5.94,31.31,73.0,38,93.83,1,1,2,1,0,1,1,54.84,1185.93,Medium
MINE-001,Workshop,0.05,15.37,35.12,71.63,22,77.43,0,1,1,0,0,1,1,66.45,1768.3,Medium
MINE-002,Pit-C,0.583,8.94,37.52,89.1,68,98.99,0,0,2,0,1,1,1,82.96,611.84,High
MINE-002,Pit-B,0.462,17.28,25.05,70.09,78,100.0,1,1,1,2,1,1,1,69.49,1403.73,Medium
MINE-001,Pit-B,0.777,28.26,34.48,60.16,48,98.45,1,1,1,2,5,0,1,72.34,1533.94,High
MINE-002,Pit-C,1.23,4.2,31.66,75.8,21,99.31,1,1,0,0,2,1,1,90.2,1429.9,Medium
MINE-001,Pit-A,0.381,18.88,29.95,85.47,63,88.55,1,1,0,2,2,1,1,71.48,1507.75,Medium
MINE-002,Pit-B,0.05,27.15,29.33,62.09,17,92.51,1,0,2,1,1,1,1,84.66,1567.31,Medium
MINE-003,Coal-Handling,0.753,17.14,23.32,79.07,56,93.93,1,1,0,0,0,1,1,70.25,1407.43,Medium
MINE-003,Underground-Zone-1,1.036,25.22,33.55,70.88,64,86.81,1,1,0,0,0,1,1,89.92,2534.97,Medium
MINE-003,Pit-C,0.444,15.13,25.72,77.42,46,90.26,0,0,2,2,2,0,1,95.02,1491.63,High
MINE-003,Pit-C,0.303,19.71,28.01,75.76,95,84.99,0,1,1,1,1,1,1,52.42,485.92,Medium
MINE-003,Pit-B,0.397,22.41,32.67,67.03,68,88.63,1,1,0,0,1,1,1,65.2,981.87,Medium
MINE-001,Pit-A,0.848,12.28,23.73,70.73,70,96.05,1,0,2,1,1,1,1,74.94,2100.96,Medium
MINE-003,Coal-Handling,0.391,37.91,25.72,67.76,38,80.41,0,1,0,1,2,1,0,69.1,2025.22,High
MINE-003,Pit-A,0.665,23.78,35.87,73.42,99,96.72,1,1,2,0,2,1,1,89.15,1537.43,Medium
MINE-003,Workshop,0.56,31.03,31.49,61.85,91,81.54,1,1,0,1,2,0,0,80.85,1094.34,High
MINE-003,Workshop,0.524,28.71,28.35,64.71,75,91.31,1,0,1,0,1,0,0,65.71,2155.74,High
MINE-002,Underground-Zone-1,0.795,21.27,31.5,67.03,68,91.86,1,1,1,1,2,1,1,96.43,1006.45,Medium
MINE-001,Pit-B,0.382,31.86,33.68,76.7,37,94.44,1,1,1,2,1,1,1,96.19,1986.81,Medium
MINE-003,Pit-B,0.399,19.88,35.5,55.01,16,89.92,1,1,1,2,0,1,0,60.7,1585.43,High
MINE-003,Pit-B,0.829,10.7,26.55,70.71,80,84.73,1,1,1,1,1,1,1,70.13,2049.81,Medium
MINE-003,Underground-Zone-1,0.205,18.15,26.9,63.5,23,92.11,1,1,2,2,1,0,0,88.85,1546.74,Medium
MINE-001,Workshop,0.242,7.94,33.43,67.06,13,100.0,1,0,2,2,1,1,1,90.07,2530.14,Medium
MINE-002,Pit-A,0.109,2.0,33.56,64.08,78,90.91,1,0,1,0,2,1,1,96.25,877.55,Medium
MINE-001,Underground-Zone-1,0.847,9.47,25.62,74.33,21,85.71,1,1,1,2,0,1,1,100.0,2087.65,Medium
MINE-002,Underground-Zone-1,0.513,18.73,27.05,70.11,54,88.2,1,1,1,0,1,1,1,83.43,1626.94,Medium
MINE-003,Pit-A,0.09,28.62,30.23,80.54,43,91.9,1,1,1,0,0,1,1,94.6,1448.07,Low
MINE-003,Pit-B,0.849,9.44,31.09,76.82,45,89.39,1,0,1,1,0,1,1,100.0,2427.59,Medium
MINE-001,Coal-Handling,0.356,28.1,31.21,53.56,14,88.55,1,0,1,0,0,0,1,77.81,1291.2,Medium
MINE-001,Pit-A,0.245,5.89,25.56,60.48,16,98.96,1,0,1,0,2,1,1,67.81,1917.07,Medium
MINE-002,Workshop,0.482,8.8,31.17,69.92,83,94.1,1,1,2,1,1,1,1,81.31,1861.02,Medium
MINE-002,Pit-C,1.068,32.49,28.13,71.48,99,90.29,1,0,1,0,3,1,1,98.71,1184.83,High
MINE-001,Pit-C,0.412,18.48,26.33,61.54,19,90.33,1,1,1,2,1,1,1,100.0,2212.78,Medium
MINE-002,Underground-Zone-1,0.751,16.26,30.96,87.65,32,92.04,0,1,1,0,1,1,1,79.91,2810.52,Medium
MINE-001,Pit-C,0.804,20.35,30.55,82.38,8,94.36,1,0,2,2,1,1,1,75.85,2609.85,Medium
MINE-002,Coal-Handling,0.705,5.94,34.21,52.26,40,98.69,0,0,2,0,0,1,0,61.43,1998.57,High
MINE-001,Pit-B,0.995,14.69,27.56,76.15,69,88.53,1,1,2,1,0,0,1,79.04,1686.0,Medium
MINE-001,Workshop,0.303,18.03,31.94,71.45,51,85.03,1,0,2,0,0,1,1,62.68,2208.14,Low
MINE-001,Coal-Handling,0.185,30.31,24.73,86.93,85,87.66,0,0,1,1,0,1,1,65.36,2284.02,High
MINE-002,Workshop,0.178,2.0,29.9,53.16,43,85.75,1,1,1,0,1,1,1,81.07,1845.48,Low
MINE-002,Workshop,0.499,35.63,32.85,96.72,42,81.84,1,1,2,0,0,1,0,61.39,605.14,Medium
MINE-002,Pit-B,0.219,16.75,33.19,61.88,48,99.46,1,1,1,0,3,0,1,82.62,1021.85,Medium
MINE-001,Underground-Zone-1,0.602,6.89,33.22,76.54,55,96.13,1,0,1,1,0,0,1,90.34,2029.83,Medium
MINE-002,Pit-C,0.577,5.08,34.22,64.72,89,77.3,1,1,2,2,2,1,1,64.31,1962.35,Medium
MINE-002,Pit-B,0.907,20.73,29.22,67.49,30,92.31,1,1,2,0,3,1,1,70.34,1569.03,Medium
MINE-001,Coal-Handling,0.652,4.53,32.98,51.73,40,88.74,1,1,2,1,2,1,1,59.2,1937.28,Medium
MINE-003,Underground-Zone-1,0.404,12.4,38.47,86.36,73,88.02,0,0,2,1,0,1,1,85.72,1067.81,Medium
MINE-001,Coal-Handling,0.694,15.5,29.13,68.76,5,76.08,1,1,1,0,1,1,1,58.66,1710.45,Medium
MINE-002,Underground-Zone-1,0.189,29.44,36.52,69.58,57,90.85,0,1,2,0,2,1,1,87.09,1632.01,Medium
MINE-001,Coal-Handling,0.537,28.18,34.51,98.0,10,91.46,1,1,0,0,1,1,1,81.77,817.97,Medium
MINE-003,Pit-B,0.662,11.57,29.93,83.51,41,83.94,1,1,1,0,2,1,1,100.0,1843.64,Low
MINE-001,Underground-Zone-1,0.595,15.87,30.27,63.98,6,100.0,1,1,1,0,1,1,1,99.74,1037.27,Low
MINE-002,Underground-Zone-1,0.695,2.05,31.47,64.68,73,95.75,1,1,1,0,3,1,0,62.57,2237.93,Medium
MINE-003,Workshop,0.325,2.0,34.28,75.12,94,84.6,1,1,2,0,0,1,1,100.0,1967.36,Low
MINE-002,Workshop,0.953,5.71,32.61,81.25,45,97.14,1,1,1,1,1,1,1,71.05,1465.9,Medium
MINE-003,Pit-A,1.188,29.23,29.1,93.03,55,88.21,1,1,1,1,2,1,1,67.51,1291.12,Medium
MINE-003,Coal-Handling,0.05,25.8,22.67,52.7,51,97.33,0,1,1,1,0,1,1,71.4,1104.12,Medium
MINE-001,Workshop,0.125,21.83,33.69,80.72,17,82.34,1,0,0,1,0,1,1,74.25,1562.02,Medium
MINE-001,Pit-A,0.565,3.42,23.27,82.65,80,92.02,0,1,1,0,1,1,1,100.0,2186.28,Medium
MINE-002,Workshop,0.46,10.88,25.54,62.53,73,83.7,1,1,1,0,1,1,1,41.4,1630.76,Medium
MINE-001,Coal-Handling,1.214,9.42,29.39,67.68,70,85.98,1,1,1,0,1,1,1,100.0,1713.97,Medium
MINE-001,Underground-Zone-1,0.627,16.34,26.14,52.44,63,79.41,1,1,1,1,1,1,0,88.78,1247.37,Medium
MINE-003,Pit-C,1.037,15.71,32.27,65.99,72,83.59,1,1,1,2,4,1,0,80.18,1547.46,High
MINE-001,Coal-Handling,0.05,7.98,29.82,74.79,63,83.56,0,1,0,0,2,1,1,70.22,1687.1,Medium
MINE-003,Pit-B,0.835,21.49,34.14,91.13,95,82.81,1,1,1,0,0,0,1,76.8,1862.06,Medium
MINE-003,Workshop,0.3,20.29,24.57,92.24,14,92.13,0,1,2,1,1,1,1,89.07,1712.02,Medium
MINE-003,Workshop,0.294,10.71,28.35,59.65,17,80.4,0,1,1,1,1,1,1,90.51,2024.38,Medium
MINE-002,Underground-Zone-1,0.463,21.04,31.02,89.49,6,92.79,1,1,1,0,3,1,1,67.19,2127.48,Medium
MINE-002,Pit-B,0.051,29.24,31.17,48.61,94,97.04,0,1,1,0,0,1,1,88.06,2564.23,Low
MINE-002,Underground-Zone-1,0.705,32.28,33.78,64.98,19,85.67,1,0,2,2,0,0,1,70.35,1909.95,High
MINE-003,Pit-B,0.617,22.91,27.34,68.38,50,90.49,1,0,2,0,2,0,0,75.71,2010.41,High
MINE-002,Pit-C,0.643,22.61,29.13,75.02,61,88.99,1,1,2,1,4,1,1,95.06,1538.69,Medium
MINE-002,Workshop,0.86,15.6,33.03,73.28,14,88.53,1,0,0,2,3,1,1,88.32,2569.35,High
MINE-001,Workshop,1.08,28.3,22.21,76.39,26,75.67,1,0,2,2,1,1,1,56.96,1564.8,High
MINE-002,Pit-C,0.423,7.3,32.54,69.8,93,84.24,1,1,2,0,2,1,1,79.75,2101.02,Low
MINE-002,Pit-A,0.717,27.14,34.06,83.52,83,99.77,1,1,2,0,0,1,1,83.45,1553.56,Low
MINE-003,Underground-Zone-1,0.653,15.12,25.67,80.3,81,92.94,1,1,1,0,2,1,1,79.93,1727.78,Medium
MINE-003,Pit-C,0.682,32.91,29.74,68.53,12,89.55,1,0,2,1,0,1,1,45.28,1809.99,High
MINE-003,Underground-Zone-1,0.687,23.88,36.97,82.11,25,78.88,0,1,1,1,1,0,1,60.39,823.23,High
MINE-003,Coal-Handling,1.107,17.32,33.64,96.82,89,94.56,1,1,2,2,2,1,0,54.95,1899.2,High
MINE-003,Workshop,0.389,15.64,32.79,63.92,26,85.53,1,1,1,0,1,0,1,69.76,1759.88,Medium
MINE-003,Underground-Zone-1,0.05,23.26,34.96,92.1,49,83.58,1,1,2,1,0,1,0,79.79,1463.07,Medium
MINE-002,Pit-B,0.306,22.77,38.22,65.0,95,84.18,1,1,1,0,0,1,1,71.21,1297.7,Medium
MINE-003,Underground-Zone-1,0.815,14.02,31.07,88.92,44,94.06,1,1,0,0,0,1,1,69.93,1479.65,Medium
MINE-003,Coal-Handling,0.558,18.92,29.37,65.45,26,90.57,1,1,2,0,0,0,1,55.37,1268.67,Low
MINE-001,Workshop,0.386,26.96,34.95,81.19,34,96.19,1,1,1,0,1,1,1,61.77,1549.79,Medium
MINE-002,Pit-C,0.173,4.37,30.25,74.16,66,97.75,1,1,1,1,1,1,1,65.58,1465.26,Low
MINE-002,Coal-Handling,0.627,25.26,27.29,50.58,77,86.56,0,1,1,0,2,1,1,89.46,1625.8,Medium
MINE-002,Workshop,0.776,23.21,28.84,94.99,49,90.74,1,1,2,0,2,1,1,83.6,2180.75,Medium
MINE-003,Underground-Zone-1,0.657,29.87,32.25,61.25,39,89.18,1,0,1,0,1,0,1,88.19,1345.44,Medium
MINE-003,Pit-A,0.461,10.84,29.2,56.76,86,82.83,1,1,1,0,2,1,1,84.01,1508.26,Medium
MINE-003,Pit-A,0.601,18.06,29.5,64.33,46,83.69,1,1,1,0,2,1,1,88.69,1858.32,Low
MINE-001,Pit-B,0.599,20.05,26.89,98.0,9,90.01,0,1,1,2,2,1,1,60.24,1309.85,High
MINE-003,Workshop,0.616,25.39,36.74,56.96,31,90.66,1,1,1,2,2,1,1,95.37,2181.03,Medium
MINE-001,Pit-A,0.135,22.29,29.63,74.14,74,90.67,0,1,1,0,1,0,1,91.62,1317.56,Medium
MINE-002,Pit-C,0.619,5.6,28.15,58.52,66,90.68,1,1,1,1,0,1,1,73.14,1867.2,Low
MINE-003,Workshop,0.396,20.91,28.58,60.58,36,86.1,1,1,1,0,2,1,1,90.61,2331.0,Medium
MINE-001,Pit-C,0.914,38.04,34.21,52.81,12,100.0,1,1,2,0,1,1,1,93.81,1308.2,Medium
MINE-001,Pit-C,0.597,24.12,33.29,75.78,89,92.39,1,1,1,1,0,1,1,77.31,1400.17,Medium
MINE-003,Pit-A,0.842,34.38,28.99,70.07,22,87.55,1,1,1,0,3,1,1,84.98,1574.55,Medium
MINE-002,Workshop,0.444,28.43,31.13,58.42,82,93.41,1,0,1,0,0,1,1,71.25,1809.59,Medium
MINE-002,Underground-Zone-1,0.457,31.62,32.11,82.48,19,85.89,1,0,1,0,3,1,1,95.16,1734.88,Medium
MINE-002,Coal-Handling,1.073,21.1,28.18,83.74,30,91.16,1,1,2,0,1,1,1,72.12,1791.43,Medium
MINE-001,Pit-A,0.703,23.22,24.84,76.89,57,93.4,1,1,0,0,1,1,1,82.08,2053.1,Medium
MINE-001,Pit-A,0.3,20.56,33.06,86.05,48,94.31,1,1,1,0,2,1,1,77.44,1706.38,Medium
MINE-001,Underground-Zone-1,0.864,18.04,28.41,67.81,36,83.46,0,1,1,0,1,1,1,70.43,1067.26,Medium
MINE-001,Workshop,0.363,25.42,32.76,75.87,32,100.0,1,1,1,1,1,1,0,55.84,2436.74,High
MINE-002,Workshop,0.629,12.79,32.28,67.86,43,98.09,1,1,0,0,1,1,1,89.52,2015.69,Medium
MINE-003,Pit-C,1.193,36.85,31.22,53.91,36,100.0,1,1,2,0,1,1,1,77.54,1163.09,Medium
MINE-001,Underground-Zone-1,0.05,8.72,29.3,74.63,81,89.46,1,1,2,0,2,1,0,100.0,1707.84,Low
MINE-001,Underground-Zone-1,0.488,26.11,28.46,73.9,83,92.48,1,1,0,2,0,0,1,93.82,2192.68,Medium
MINE-002,Workshop,0.693,31.79,26.45,71.64,22,91.22,1,0,1,0,1,1,1,93.63,1345.77,High
MINE-003,Pit-C,0.818,16.23,28.54,76.49,74,87.72,1,1,1,2,3,1,1,87.53,2262.21,Medium
MINE-003,Pit-A,0.116,6.87,33.28,88.94,15,95.55,1,1,2,0,1,1,1,87.81,1315.81,Low
MINE-002,Pit-B,0.05,29.56,36.59,69.55,36,85.7,1,1,1,2,2,1,1,80.03,2014.87,High
MINE-002,Coal-Handling,0.932,20.03,36.0,60.51,24,95.19,1,1,1,0,2,1,1,88.72,519.21,Medium
MINE-003,Pit-A,0.298,26.13,31.58,69.03,44,88.01,1,1,0,0,1,1,1,72.18,2271.61,Medium
MINE-001,Workshop,0.283,16.91,36.59,70.36,12,93.39,1,1,2,0,1,1,1,46.25,856.67,Medium
MINE-003,Coal-Handling,1.093,35.32,29.77,83.8,39,99.77,1,0,1,1,2,0,1,87.2,2395.58,High
MINE-002,Pit-B,0.574,2.0,25.84,73.28,73,90.2,1,1,0,1,0,1,0,87.49,1217.13,Medium
MINE-001,Pit-B,0.577,21.76,38.68,58.22,82,95.68,1,1,1,0,1,1,1,60.82,2741.77,Medium
MINE-001,Pit-C,0.487,31.42,33.13,81.67,25,87.95,0,1,2,0,0,1,1,84.68,1851.46,Medium
MINE-002,Coal-Handling,0.122,19.05,24.86,79.74,28,83.91,1,1,1,1,1,1,1,84.48,2308.4,Low
MINE-002,Pit-C,0.786,21.02,37.24,73.29,21,100.0,1,1,1,2,0,1,0,92.03,1706.8,High
MINE-002,Pit-A,0.693,13.66,28.03,83.38,22,95.49,1,1,1,2,0,1,0,76.63,1038.98,High
MINE-003,Underground-Zone-1,0.609,18.21,28.9,85.39,16,90.19,1,1,1,1,2,1,1,58.21,1332.49,Medium
MINE-003,Underground-Zone-1,0.509,2.0,35.09,67.47,20,95.18,0,1,1,0,2,1,0,71.71,2033.02,High
MINE-001,Underground-Zone-1,0.448,10.82,36.45,61.2,8,84.9,1,1,2,0,4,1,1,71.66,3250.18,Medium
MINE-002,Coal-Handling,0.869,10.13,27.0,71.86,93,93.65,0,1,1,1,0,1,1,76.48,2521.11,Medium
MINE-001,Underground-Zone-1,0.501,24.69,36.88,78.44,38,92.3,0,1,1,1,2,1,1,79.59,1844.07,High
MINE-001,Pit-A,0.528,12.29,34.5,70.74,96,94.9,1,1,1,2,6,1,0,74.91,2272.35,High
MINE-001,Pit-C,0.735,12.58,27.8,60.14,50,100.0,1,1,1,1,0,1,1,83.15,1908.62,Medium
MINE-001,Coal-Handling,0.623,14.22,30.02,73.95,79,99.69,1,1,1,2,0,0,1,63.72,1683.98,High
MINE-002,Pit-C,1.125,10.51,37.06,47.6,81,82.67,0,0,2,1,0,1,1,82.68,1828.89,High
MINE-001,Coal-Handling,0.05,20.69,24.76,68.11,35,79.03,1,1,1,1,1,1,1,68.13,1515.69,Medium
MINE-002,Pit-C,0.655,21.78,36.52,82.21,29,92.47,1,1,2,1,1,1,1,75.38,1835.05,Medium
MINE-002,Pit-B,0.303,26.25,34.39,82.87,78,92.02,0,1,1,0,2,1,1,54.22,1979.57,High
MINE-003,Pit-C,0.22,24.53,33.04,35.0,28,84.18,0,1,1,1,0,1,1,90.27,1766.44,Medium
MINE-002,Underground-Zone-1,0.39,23.53,31.53,69.69,69,85.24,1,1,1,2,0,1,1,74.02,1560.74,Medium
MINE-003,Pit-B,0.569,14.71,38.88,79.19,29,86.38,0,1,1,0,2,1,1,82.4,1533.61,High
MINE-002,Pit-C,0.585,14.07,39.47,57.89,32,99.01,0,1,1,1,1,1,0,67.32,1660.46,High
MINE-002,Coal-Handling,0.05,9.29,28.54,67.54,40,88.17,1,1,1,0,0,1,1,70.72,1853.96,Low
MINE-002,Coal-Handling,0.361,9.11,33.45,86.49,86,81.98,1,1,1,1,1,1,1,65.44,1554.88,Medium
MINE-003,Coal-Handling,0.648,19.94,38.5,66.19,10,90.61,1,1,1,1,2,0,0,80.06,2061.17,High
MINE-003,Workshop,0.243,10.81,27.86,91.18,70,90.98,0,1,1,2,3,1,1,85.48,981.57,Medium
MINE-001,Pit-A,0.16,32.68,31.97,63.11,71,84.81,1,1,1,1,1,0,1,64.98,1902.79,Medium
MINE-003,Coal-Handling,0.05,17.62,35.02,88.92,76,94.54,1,1,2,0,1,1,1,79.82,2284.74,Low
MINE-003,Pit-B,0.318,33.01,22.94,72.4,99,97.82,1,1,1,0,0,1,1,74.82,2683.05,Medium
MINE-003,Coal-Handling,0.148,23.72,34.31,61.46,52,88.87,0,0,1,1,1,1,1,80.52,1760.63,High
MINE-003,Workshop,0.206,10.23,26.65,88.96,87,81.98,1,1,1,0,1,1,1,66.32,2123.09,Low
MINE-001,Underground-Zone-1,0.455,17.38,31.77,57.52,74,89.36,0,1,2,1,1,1,1,84.05,1902.62,Medium
MINE-003,Pit-B,0.34,2.0,35.58,62.45,82,92.81,1,1,0,0,3,1,1,74.37,2307.37,Medium
MINE-002,Workshop,0.142,19.9,21.44,77.88,71,78.05,1,1,2,2,1,0,1,76.2,1676.97,Medium
MINE-002,Underground-Zone-1,0.05,11.14,34.14,72.97,52,93.89,0,1,1,0,2,1,1,100.0,2044.95,Medium
MINE-003,Pit-B,0.656,6.87,39.15,75.29,69,88.75,1,1,1,2,3,1,1,55.09,713.85,High
MINE-003,Pit-C,0.813,33.22,28.87,67.58,48,91.26,0,1,1,1,2,1,1,85.02,2291.48,High
MINE-002,Pit-A,0.411,28.31,33.31,57.61,98,89.26,1,1,2,0,2,1,0,83.66,1860.07,Medium
MINE-002,Pit-A,0.457,28.03,36.34,64.17,67,86.48,1,1,2,1,2,1,1,86.2,1448.87,Medium
MINE-001,Workshop,0.551,25.82,24.63,87.84,50,90.33,1,1,2,2,1,1,1,85.61,1934.3,Medium
MINE-002,Underground-Zone-1,1.103,5.65,34.03,55.96,23,87.95,0,1,1,1,0,1,0,80.51,2503.06,High
MINE-002,Pit-A,0.05,14.0,35.1,91.73,68,88.85,1,0,2,0,2,1,1,83.31,1317.35,Medium
MINE-003,Underground-Zone-1,0.405,14.6,33.55,75.79,87,85.72,1,1,1,2,3,1,1,100.0,1349.06,Medium
MINE-002,Underground-Zone-1,0.05,2.0,31.35,64.84,77,94.22,1,1,1,0,2,1,1,75.76,981.83,Low
MINE-001,Workshop,0.677,12.43,27.0,47.98,75,98.42,1,1,1,0,0,0,0,75.63,1349.74,Medium
MINE-002,Workshop,0.5,12.54,36.57,49.55,54,85.76,1,0,1,1,3,1,1,64.13,1319.36,High
MINE-003,Workshop,0.621,19.26,31.14,67.73,67,90.3,1,1,2,0,0,1,1,67.28,1698.0,Low
MINE-003,Pit-A,0.604,43.32,27.38,66.28,45,84.43,1,1,1,0,1,1,1,80.91,1820.64,Medium
MINE-002,Workshop,0.897,17.79,29.73,73.41,11,93.33,1,0,1,1,2,1,1,82.8,1095.17,High
MINE-003,Pit-A,0.738,19.27,32.47,92.63,13,92.35,1,0,0,1,1,1,1,76.53,1955.67,High
MINE-001,Workshop,0.841,15.5,24.76,78.45,8,87.53,1,1,1,0,2,1,1,86.48,1923.59,Medium
MINE-001,Coal-Handling,0.177,25.38,31.07,70.46,93,90.5,1,1,1,1,2,0,1,72.79,1912.35,Medium
MINE-002,Underground-Zone-1,0.968,7.26,29.33,86.6,53,96.19,1,0,2,1,2,1,0,100.0,1360.31,High
MINE-002,Workshop,0.297,36.96,36.34,73.81,80,81.36,1,0,1,1,1,1,1,79.98,2760.04,High
MINE-002,Pit-B,0.317,16.76,23.5,91.2,10,83.25,1,1,1,1,3,1,1,86.76,2114.68,Medium
MINE-003,Underground-Zone-1,0.645,14.05,34.76,63.93,86,94.49,1,1,1,0,0,1,1,80.1,1128.63,Low
MINE-001,Underground-Zone-1,0.656,27.7,36.67,58.23,25,91.33,1,1,1,1,1,1,0,70.17,1001.68,High
MINE-001,Workshop,0.175,9.09,23.65,48.0,19,90.58,1,1,1,1,2,1,1,71.41,1394.59,Medium
MINE-003,Pit-C,0.489,25.19,24.13,70.74,71,96.66,1,0,1,1,3,1,1,63.09,1843.89,High
MINE-001,Workshop,1.071,32.05,38.14,57.18,70,95.23,1,1,1,0,0,1,0,55.61,2521.61,High
MINE-002,Underground-Zone-1,0.05,15.59,27.38,57.01,60,100.0,1,1,0,0,1,1,1,90.35,1460.67,Low
MINE-002,Pit-B,1.07,38.53,43.38,84.41,72,96.37,1,1,1,0,3,1,1,70.08,1024.57,High
MINE-002,Underground-Zone-1,0.465,24.44,23.78,51.33,36,94.15,0,1,1,1,2,1,1,77.16,1943.44,Medium
MINE-001,Pit-B,0.05,24.57,31.68,73.24,70,90.68,0,1,2,0,2,1,1,97.93,1564.18,Low
MINE-002,Pit-A,0.072,31.66,30.91,71.0,33,90.14,0,0,2,0,0,1,1,93.2,1853.81,Medium
MINE-003,Coal-Handling,0.213,34.31,30.17,73.11,70,90.98,1,1,1,1,4,1,1,79.95,1717.24,Medium
MINE-003,Underground-Zone-1,0.332,20.62,32.85,88.61,38,92.34,1,1,1,1,2,1,1,75.26,1663.92,Medium
MINE-001,Workshop,0.513,25.97,33.08,62.09,31,83.76,1,1,1,0,2,1,1,76.01,2311.99,Medium
MINE-003,Pit-A,0.05,31.96,30.33,88.62,64,92.58,1,1,2,2,4,1,1,100.0,2093.79,Medium
MINE-003,Coal-Handling,0.615,6.38,26.94,50.88,43,89.54,1,0,1,0,0,1,1,80.24,1906.63,Medium
MINE-001,Workshop,0.181,2.0,35.19,79.81,48,93.14,1,1,2,0,0,0,0,100.0,722.33,Medium
MINE-002,Pit-C,1.037,17.42,33.51,89.72,86,87.53,1,1,0,1,3,1,1,61.09,1672.73,High
MINE-002,Workshop,0.455,2.0,31.46,35.0,40,87.04,0,0,0,0,1,1,1,78.61,2231.3,High
MINE-002,Pit-B,0.88,14.86,33.39,71.58,23,92.38,1,1,1,2,3,1,1,93.15,1312.22,Medium
MINE-001,Pit-B,0.939,21.14,34.08,70.6,95,93.86,0,1,0,0,2,0,1,92.04,1684.87,High
MINE-003,Pit-C,0.929,15.24,27.95,72.86,49,87.38,1,1,1,0,1,1,1,86.21,1772.04,Medium
MINE-002,Pit-A,0.352,16.58,33.24,92.54,88,98.92,1,1,0,1,1,1,1,70.07,1912.27,Medium
MINE-002,Coal-Handling,0.347,7.98,28.79,62.84,25,98.87,1,1,2,1,0,1,1,60.93,1594.1,Medium
MINE-001,Workshop,0.471,25.88,34.21,57.79,27,81.51,0,0,2,2,0,1,1,75.68,2007.44,High
MINE-002,Pit-B,0.773,7.37,30.23,72.95,98,86.34,1,1,1,0,1,1,1,91.56,1989.6,Low
MINE-001,Pit-A,0.371,2.0,33.45,85.49,93,91.7,1,1,1,0,3,1,1,100.0,1341.3,Low
MINE-003,Pit-C,0.508,15.93,29.26,78.7,99,93.22,1,1,1,0,1,1,1,79.44,1404.59,Low
MINE-001,Underground-Zone-1,0.646,27.15,33.65,72.41,31,100.0,1,1,1,1,0,1,0,76.72,1885.03,High
MINE-001,Pit-B,0.233,18.8,27.08,69.25,76,91.85,1,1,1,1,6,1,1,80.71,2531.13,High
MINE-001,Pit-C,0.211,6.35,31.14,47.92,23,90.3,1,1,0,2,1,1,0,80.86,2299.97,Medium
MINE-001,Workshop,0.495,19.02,34.92,79.03,45,84.17,1,1,1,1,3,1,1,93.43,1515.67,Medium
MINE-003,Coal-Handling,0.541,22.38,32.87,80.46,30,81.49,1,1,1,2,0,1,1,73.21,1397.29,Medium
MINE-003,Pit-B,0.702,18.9,31.77,63.69,32,90.2,1,1,2,2,1,1,1,76.46,1609.42,Medium
MINE-002,Pit-B,0.785,15.35,38.21,66.42,68,100.0,1,1,2,0,1,1,1,84.01,2566.94,Medium
MINE-003,Workshop,0.165,22.86,35.09,59.42,72,89.73,1,1,1,0,1,1,1,69.78,1791.74,Low
MINE-003,Underground-Zone-1,0.266,2.0,34.42,82.42,99,86.36,1,1,1,0,0,1,0,66.05,1890.69,Medium
MINE-002,Pit-A,0.21,9.06,33.63,67.61,84,93.71,1,1,2,0,0,1,1,96.25,1387.34,Low
MINE-003,Coal-Handling,1.044,4.95,34.13,70.21,55,78.97,0,1,0,0,5,1,1,77.69,1811.52,High
MINE-001,Pit-B,0.508,31.48,37.63,79.55,78,91.48,0,1,1,0,1,0,0,89.58,1040.15,High
MINE-001,Coal-Handling,0.556,25.12,29.33,75.92,52,95.95,1,1,1,0,0,1,1,86.97,1106.61,Low
MINE-002,Pit-B,0.57,19.85,35.04,78.76,14,85.31,1,1,1,0,0,1,0,60.12,1839.64,Medium
MINE-002,Coal-Handling,0.3,3.49,32.43,74.1,77,99.21,0,1,1,0,1,0,1,69.52,1915.09,Medium
MINE-002,Pit-C,1.097,25.44,29.47,74.37,43,94.96,1,1,2,0,2,1,1,78.83,1590.75,Medium
MINE-001,Pit-B,0.694,31.87,30.6,74.25,23,99.27,1,1,1,0,2,1,1,74.87,1958.87,Medium
MINE-003,Coal-Handling,0.564,23.71,31.88,77.43,68,82.74,1,0,2,0,1,1,1,81.18,1153.67,Medium
MINE-001,Pit-A,0.163,17.65,27.56,78.02,23,89.92,1,1,1,0,0,1,1,80.41,1625.93,Low
MINE-002,Pit-C,0.143,24.32,34.46,57.3,80,96.53,0,1,1,1,1,1,1,88.21,1480.16,Medium
MINE-003,Pit-C,0.442,20.73,30.59,64.83,66,82.01,0,1,2,0,0,1,1,77.43,1756.2,Medium
MINE-003,Pit-A,0.305,27.26,31.34,69.56,17,96.68,1,1,2,2,3,1,1,78.9,1647.58,Medium
MINE-001,Coal-Handling,0.176,27.04,36.43,77.42,29,89.92,0,0,1,1,2,1,1,59.31,2932.42,High
MINE-002,Workshop,0.42,15.79,31.52,91.17,93,96.64,1,1,1,0,2,1,1,70.19,1323.37,Low
MINE-001,Pit-A,0.474,11.39,37.21,62.24,96,92.3,1,1,0,0,2,1,0,70.83,1797.57,High
MINE-003,Coal-Handling,0.6,14.0,28.9,82.54,46,99.46,1,1,1,0,0,0,1,72.23,3193.67,Medium
MINE-001,Pit-A,0.374,23.36,26.61,65.17,43,83.25,1,1,1,0,0,1,1,73.18,2105.49,Low
MINE-001,Pit-A,0.197,14.61,29.84,88.45,34,92.97,1,1,1,1,1,1,1,85.8,1780.28,Low
MINE-002,Pit-B,0.209,10.49,20.0,94.95,9,81.93,1,1,1,2,1,0,1,100.0,2207.87,Medium
MINE-002,Coal-Handling,0.975,17.99,34.62,51.02,85,93.52,1,1,1,2,3,1,1,60.45,2115.2,High
MINE-003,Workshop,0.112,29.07,26.84,68.08,22,92.97,1,0,1,1,3,1,0,75.4,1248.06,High
MINE-001,Pit-B,0.677,19.35,28.53,43.8,25,89.29,1,1,0,0,0,0,1,66.74,1025.43,Medium
MINE-001,Pit-A,0.732,15.24,33.87,51.72,90,86.3,1,0,1,0,0,1,1,60.6,1848.34,Medium
MINE-001,Underground-Zone-1,0.508,21.2,31.48,52.47,54,89.05,1,1,2,1,0,1,0,71.14,1560.31,Medium
MINE-003,Pit-A,1.169,18.84,29.24,79.49,10,91.59,0,1,2,1,5,1,1,64.32,2936.92,High
MINE-003,Pit-A,0.726,2.0,22.85,77.24,54,92.71,1,0,1,0,0,1,1,81.02,2359.58,Medium
MINE-002,Coal-Handling,1.195,24.97,36.2,81.61,84,100.0,1,0,0,2,4,1,1,75.89,2359.39,High
MINE-002,Coal-Handling,0.322,22.07,33.89,79.29,70,96.24,1,0,1,0,0,1,1,74.12,614.97,Medium
MINE-002,Pit-B,0.328,18.16,39.22,77.82,5,87.48,1,1,1,0,2,0,1,82.0,1505.0,Medium
MINE-001,Workshop,0.735,28.62,28.61,73.34,61,94.48,1,0,1,2,1,0,0,59.39,1794.82,High
MINE-001,Pit-B,0.458,30.13,25.18,70.43,34,96.29,1,1,1,2,1,1,1,64.83,1432.43,Medium
MINE-002,Pit-C,1.14,25.99,34.98,84.24,62,87.06,1,1,2,1,0,1,1,82.62,1487.46,Medium
MINE-001,Pit-A,0.67,9.5,30.25,72.15,56,95.21,1,1,1,0,4,0,1,64.69,1671.49,Medium
MINE-002,Underground-Zone-1,0.184,9.84,33.51,78.3,41,82.08,1,0,1,0,1,1,1,51.46,1862.26,Medium
MINE-003,Pit-A,0.05,29.17,37.48,44.04,52,86.85,1,1,1,0,1,0,1,98.83,3153.1,Medium
MINE-002,Pit-A,0.523,2.0,32.55,57.9,91,82.45,1,1,1,1,0,1,1,82.45,1464.02,Low
MINE-003,Pit-B,0.519,16.51,31.67,83.76,5,89.73,1,1,1,0,2,1,1,91.21,2222.83,Low
MINE-001,Underground-Zone-1,0.66,22.4,31.92,63.98,23,88.16,1,1,2,1,0,0,1,68.57,2531.81,Medium
MINE-002,Underground-Zone-1,0.974,2.0,24.45,55.26,50,88.62,1,1,1,0,0,1,1,60.03,1302.43,Medium
MINE-001,Underground-Zone-1,0.928,20.34,35.43,79.7,71,95.89,0,1,1,0,2,1,1,81.74,2806.21,High
MINE-003,Pit-B,0.347,27.54,35.69,72.02,6,91.54,1,1,1,1,0,1,0,63.68,1917.75,High
MINE-003,Pit-A,0.097,3.14,33.12,67.12,60,95.8,1,1,2,2,0,1,0,91.25,552.37,Low
MINE-003,Pit-B,0.118,34.58,24.94,90.11,21,100.0,1,1,2,0,1,1,1,81.1,2410.9,Low
MINE-001,Coal-Handling,0.292,7.9,30.52,88.05,96,100.0,1,1,0,1,0,1,1,80.54,991.22,Medium
MINE-001,Coal-Handling,0.422,23.75,36.75,69.75,86,90.16,1,1,1,0,0,1,1,80.68,2528.95,Medium
MINE-001,Pit-B,0.657,17.16,28.74,80.67,83,94.21,1,1,1,1,0,0,1,100.0,2286.68,Medium
MINE-001,Underground-Zone-1,0.27,18.7,35.74,45.14,26,90.07,1,0,1,2,1,1,1,86.51,1279.87,High
MINE-003,Pit-A,0.648,5.17,31.22,85.12,31,97.09,1,1,1,0,3,1,1,75.37,1604.96,Medium
MINE-003,Pit-B,0.677,30.6,33.85,58.96,59,95.92,1,1,1,0,0,1,1,79.78,2142.25,Medium
MINE-002,Pit-B,0.6,21.26,29.35,54.57,36,87.04,1,0,2,0,1,1,1,66.69,1522.53,Medium
MINE-002,Pit-B,0.155,34.21,31.34,50.58,64,87.92,1,1,1,0,1,0,1,71.19,2670.05,Medium
MINE-001,Pit-C,0.714,5.43,32.75,49.65,87,99.32,0,1,1,1,0,1,1,94.27,2257.35,Medium
MINE-003,Coal-Handling,1.278,16.19,26.67,84.96,32,87.7,1,1,1,0,0,1,1,78.55,1052.62,Medium
MINE-003,Underground-Zone-1,0.636,20.1,32.1,79.57,32,90.33,1,1,1,0,1,1,1,87.92,1712.29,Low
MINE-003,Workshop,0.05,18.6,20.25,62.81,78,95.05,1,0,1,1,0,1,1,66.44,2059.87,Medium
MINE-002,Underground-Zone-1,0.984,24.67,28.59,82.26,88,90.01,1,1,0,1,0,1,1,89.0,1410.2,Medium
MINE-002,Workshop,0.304,16.06,33.18,64.86,29,100.0,1,1,1,0,2,0,1,75.43,2345.84,Medium
MINE-003,Pit-C,1.343,39.22,35.48,75.88,89,97.2,1,1,1,1,1,1,1,80.96,2107.25,High
MINE-003,Pit-B,0.591,18.4,32.89,66.21,82,85.69,1,1,2,1,3,1,0,78.79,2159.12,High
MINE-003,Pit-C,0.05,2.0,25.44,70.56,90,87.49,1,1,1,0,0,0,1,80.37,1642.49,Low
MINE-002,Pit-C,0.05,18.84,35.13,61.1,30,94.53,1,1,1,1,1,1,1,76.58,1290.62,Medium
MINE-003,Pit-A,1.089,30.61,26.44,62.88,79,90.69,1,1,1,1,1,0,1,94.7,2408.79,Medium
MINE-003,Coal-Handling,0.937,8.77,33.46,78.53,75,79.36,1,1,1,0,1,1,1,58.43,2680.2,Medium
MINE-001,Workshop,1.329,8.13,26.58,80.46,21,85.17,1,1,1,1,0,1,1,84.94,2316.58,Medium
MINE-001,Pit-B,0.554,9.6,27.91,67.03,86,92.4,1,1,1,1,1,1,0,69.31,2245.58,Medium
MINE-002,Workshop,0.53,7.24,27.17,53.69,11,96.34,1,0,1,1,1,1,1,65.57,1831.22,Medium
MINE-003,Underground-Zone-1,0.416,13.21,31.56,98.0,60,96.43,1,1,2,1,1,1,0,100.0,1445.75,Medium
MINE-003,Workshop,0.32,27.09,30.22,72.44,68,100.0,1,1,1,1,1,1,1,65.64,2170.81,Medium
MINE-001,Underground-Zone-1,0.413,33.26,33.04,75.75,24,86.85,0,1,2,1,1,1,0,54.38,1486.5,High
MINE-002,Coal-Handling,0.626,2.0,30.93,56.86,42,87.14,1,1,1,1,1,1,1,90.43,2300.96,Low
MINE-001,Underground-Zone-1,0.255,14.22,24.93,86.58,79,90.85,1,1,2,0,0,1,1,71.59,1936.03,Low
MINE-001,Workshop,0.05,21.03,32.1,88.41,62,80.94,1,0,0,0,1,0,1,94.57,1061.6,Medium
MINE-001,Workshop,0.606,20.03,23.95,51.5,20,90.98,1,0,2,0,1,1,1,48.73,1828.0,Medium
MINE-001,Underground-Zone-1,0.247,37.0,27.46,70.77,55,89.83,1,1,1,0,2,0,1,100.0,1178.44,Medium
MINE-003,Pit-C,0.05,2.0,29.54,69.83,31,95.75,0,1,1,0,0,1,1,90.26,1104.68,Low
MINE-003,Coal-Handling,0.743,2.0,29.27,98.0,55,96.77,0,1,1,0,1,1,0,75.3,692.23,Medium
MINE-001,Pit-A,0.162,38.62,24.41,89.32,79,93.14,0,1,0,2,0,1,1,55.48,1125.75,High
MINE-002,Pit-B,0.782,25.53,36.48,54.59,20,91.02,1,1,1,2,1,1,1,60.69,1205.35,High
MINE-002,Workshop,0.773,12.29,37.59,63.26,91,93.18,1,1,1,1,1,1,1,69.01,2435.75,Medium
MINE-002,Pit-B,0.649,19.72,40.0,61.28,64,86.24,1,0,1,2,1,0,0,87.28,2086.9,High
MINE-002,Pit-A,1.424,20.43,35.59,76.46,80,90.5,1,1,1,2,0,1,1,66.79,2799.59,High
MINE-001,Pit-B,0.502,12.04,29.42,90.87,44,91.1,0,0,1,2,1,1,0,51.35,1702.55,High
MINE-003,Pit-A,0.45,19.42,29.35,73.31,71,90.55,1,1,2,0,1,1,1,80.96,1152.52,Low
MINE-002,Underground-Zone-1,0.789,21.55,29.13,78.01,6,89.97,0,1,2,0,1,1,1,90.95,1795.58,Medium
MINE-001,Pit-C,0.531,38.16,38.94,64.03,52,87.27,1,1,1,0,1,1,1,100.0,1587.62,Medium
MINE-002,Workshop,0.956,27.63,30.54,77.95,56,84.85,1,1,1,0,1,1,1,64.67,2011.55,Medium
MINE-002,Pit-A,0.106,35.39,36.08,66.34,28,89.77,1,1,2,1,3,1,1,66.04,1088.03,Medium
MINE-001,Pit-B,0.112,4.56,35.77,52.31,97,94.57,0,1,2,0,2,1,1,39.08,1823.84,Medium
MINE-003,Workshop,0.818,14.53,31.76,77.17,88,80.58,0,1,0,0,3,1,1,57.88,2473.92,Medium
MINE-003,Pit-C,0.142,20.42,25.19,71.88,86,88.02,1,0,2,0,3,1,1,64.14,2481.59,Medium
MINE-001,Underground-Zone-1,0.763,2.0,30.62,58.83,82,100.0,1,1,1,0,2,1,1,66.39,2394.93,Medium
MINE-003,Workshop,0.68,29.82,31.59,91.74,86,89.84,1,0,1,1,2,1,1,71.06,2075.58,High
MINE-001,Pit-A,0.307,24.42,36.11,62.8,6,91.91,1,1,1,1,1,1,1,85.69,2270.05,Medium
MINE-001,Pit-C,0.679,14.33,31.08,79.31,69,100.0,1,1,1,0,3,1,1,84.65,1780.66,Medium
MINE-001,Pit-B,0.118,16.17,26.17,67.65,24,92.92,1,1,1,1,0,0,1,71.32,2010.34,Medium
MINE-003,Pit-C,0.2,30.54,34.95,90.52,38,93.05,1,1,1,1,1,1,1,78.2,1735.57,Medium
MINE-001,Pit-C,0.467,10.05,30.09,69.15,45,85.54,0,0,1,1,1,0,1,60.35,1526.57,High
MINE-002,Coal-Handling,0.578,30.94,20.82,51.9,45,92.88,1,1,1,0,2,1,1,70.65,1928.54,Medium
MINE-003,Pit-C,0.444,15.48,32.3,81.72,79,90.91,1,1,1,0,3,1,1,61.2,2650.42,Medium
MINE-003,Pit-C,0.702,25.56,33.0,90.47,95,96.55,1,1,0,0,2,0,1,68.38,1939.39,High
MINE-003,Workshop,0.686,18.87,27.63,66.87,27,98.66,1,1,0,1,1,0,1,100.0,2041.57,Medium
MINE-003,Pit-B,1.085,40.33,30.23,80.15,42,91.18,1,0,1,0,0,1,1,79.89,2188.67,High
MINE-002,Workshop,0.517,9.13,33.63,73.55,48,93.29,1,1,2,0,0,1,1,70.27,1961.27,Low
MINE-003,Workshop,0.968,12.27,32.33,67.41,71,79.66,1,1,2,0,0,1,1,84.21,1689.93,Low
MINE-003,Pit-A,0.872,2.94,24.75,82.09,66,77.59,1,1,1,1,1,1,1,72.87,2190.45,Medium
MINE-001,Workshop,1.353,7.03,36.01,62.4,16,97.56,1,1,1,1,0,1,1,99.89,1433.71,Medium
MINE-003,Coal-Handling,0.505,25.13,37.83,72.39,34,76.03,0,1,1,0,0,1,1,82.58,2388.34,High
MINE-002,Coal-Handling,0.403,34.0,28.96,75.09,99,92.96,1,1,2,1,0,1,1,62.91,2430.06,Low
MINE-002,Pit-A,0.99,26.26,23.36,74.65,91,89.96,1,0,1,0,4,1,0,95.15,1776.35,High
MINE-002,Underground-Zone-1,0.685,17.95,34.08,62.7,69,98.39,1,1,1,0,1,1,1,86.05,1468.97,Medium
MINE-002,Pit-B,0.999,9.06,28.31,96.72,45,90.79,1,1,1,0,1,1,1,84.07,2867.16,Medium
MINE-003,Pit-B,0.801,26.98,33.14,87.15,24,100.0,1,1,2,0,3,0,1,88.74,1449.15,Medium
MINE-003,Workshop,0.05,8.51,39.81,83.88,10,89.78,1,1,0,2,4,1,1,87.48,1652.63,High
MINE-002,Workshop,0.682,4.51,24.81,89.2,79,97.88,0,1,1,1,0,1,1,84.66,795.34,Medium
MINE-002,Underground-Zone-1,0.659,14.92,27.81,72.83,8,82.01,1,1,1,1,0,1,1,75.9,2487.64,Medium
MINE-003,Workshop,0.597,2.0,30.22,67.54,97,77.19,1,1,1,0,1,1,0,89.78,1082.16,Low
MINE-002,Pit-B,0.504,4.19,36.17,58.93,14,90.83,1,0,0,0,0,0,1,75.76,2043.83,High
MINE-001,Pit-C,0.05,36.86,45.0,63.56,55,82.6,1,1,1,0,0,1,1,95.27,1952.09,Medium
MINE-002,Coal-Handling,0.856,2.33,31.99,59.83,97,90.64,1,1,1,1,1,1,1,84.47,1760.96,Medium
MINE-002,Pit-C,0.681,6.12,24.47,65.66,42,88.52,1,1,2,0,0,1,1,80.44,1528.91,Low
MINE-001,Pit-C,0.936,18.72,29.62,75.32,5,94.63,1,1,1,0,1,1,1,86.22,2020.32,Medium
MINE-001,Pit-B,0.05,19.24,27.9,82.97,12,84.61,1,1,1,1,0,1,1,80.05,2671.37,Low
MINE-003,Pit-C,0.727,15.65,33.89,82.64,85,93.55,1,1,2,2,3,1,1,94.57,1673.56,Medium
MINE-003,Underground-Zone-1,0.468,2.0,32.51,57.94,87,96.18,1,1,1,0,3,1,1,90.34,972.21,Medium
MINE-001,Pit-A,0.6,26.48,26.83,80.27,67,89.77,1,1,2,0,0,1,1,78.95,894.34,Low
MINE-001,Workshop,0.472,13.57,27.67,85.73,37,93.87,0,1,2,0,2,1,1,35.64,1705.87,High
MINE-003,Pit-A,0.74,30.2,29.56,68.95,19,85.13,0,1,0,1,0,1,1,89.22,1571.8,High
MINE-002,Coal-Handling,0.493,11.55,30.04,86.37,35,88.7,1,1,1,0,1,1,1,83.42,1714.43,Low
MINE-001,Workshop,0.182,27.82,30.83,82.51,25,82.95,1,1,1,1,1,1,1,100.0,1943.01,Low
MINE-003,Pit-C,0.58,30.96,31.2,56.82,7,100.0,1,1,2,1,1,1,0,61.11,1558.19,Medium
MINE-002,Coal-Handling,0.475,13.33,35.94,98.0,70,98.37,1,1,1,0,1,1,1,75.16,3180.07,Medium
MINE-001,Workshop,0.521,26.8,29.42,63.41,39,100.0,1,1,0,0,1,1,1,57.9,1991.22,Medium
MINE-002,Underground-Zone-1,0.05,4.71,28.83,83.49,45,98.29,1,0,1,0,4,1,1,68.54,2250.98,Medium
MINE-003,Underground-Zone-1,0.789,20.64,25.64,83.05,63,87.02,1,0,2,0,1,0,1,98.25,1721.8,Medium
MINE-001,Underground-Zone-1,0.44,30.22,30.1,57.31,20,81.79,1,1,2,0,1,1,1,56.36,1725.21,Medium
MINE-002,Underground-Zone-1,0.078,23.18,32.02,74.15,60,88.46,1,0,2,0,4,1,0,59.9,1503.09,High
MINE-001,Pit-C,0.873,42.06,24.1,82.91,49,93.85,1,1,1,1,1,1,1,85.54,1837.63,Medium
MINE-002,Pit-A,0.773,23.74,29.63,57.18,63,89.26,0,1,1,0,3,1,1,80.52,1038.03,High
MINE-003,Workshop,0.435,14.35,35.64,73.2,54,77.59,1,1,1,1,0,1,0,73.72,996.69,Medium
MINE-003,Pit-C,0.147,46.41,33.59,83.91,89,95.48,0,1,1,0,1,1,1,44.64,1489.93,High
MINE-001,Underground-Zone-1,0.612,34.34,32.49,84.69,16,81.41,1,0,0,1,1,0,1,94.46,1326.81,High
MINE-002,Pit-A,0.593,2.0,33.48,67.24,96,88.47,1,1,1,1,2,1,1,74.94,1490.15,Medium
MINE-001,Coal-Handling,0.874,10.16,28.71,90.53,16,100.0,1,1,1,1,0,1,0,64.73,1631.72,Medium
MINE-001,Coal-Handling,0.395,7.62,28.17,87.67,37,91.29,1,1,2,0,0,1,1,82.18,1655.48,Low
MINE-002,Coal-Handling,0.968,24.46,36.09,74.89,88,97.46,1,1,0,1,1,1,1,94.33,2206.31,Medium
MINE-002,Underground-Zone-1,0.361,23.71,34.31,64.09,53,93.08,1,1,2,1,2,1,1,74.54,2186.49,Medium
MINE-002,Coal-Handling,0.079,23.63,28.01,58.01,25,84.95,1,1,1,0,2,1,1,69.56,1785.68,Medium
MINE-003,Pit-B,0.154,2.0,23.49,76.53,64,95.38,1,0,1,1,3,1,1,78.46,2792.6,Medium
MINE-001,Workshop,0.528,11.62,28.1,89.57,56,90.62,1,0,1,1,1,1,1,82.98,1566.71,Medium
MINE-001,Workshop,0.527,16.51,33.17,70.23,58,82.09,1,1,1,0,2,0,0,84.19,2216.17,High
MINE-003,Underground-Zone-1,0.665,2.0,28.37,61.69,43,81.08,1,1,1,0,1,1,1,74.8,2052.83,Low
MINE-002,Pit-B,0.518,9.28,32.32,81.9,53,93.3,1,1,1,1,3,1,1,94.0,1691.35,Medium
MINE-003,Pit-C,0.892,31.56,36.68,74.09,68,100.0,1,1,2,0,3,1,1,66.59,1735.02,Medium
MINE-003,Pit-C,0.459,2.46,30.63,78.19,90,84.54,0,1,2,0,0,1,1,75.75,1579.43,Low
MINE-003,Coal-Handling,0.05,32.55,31.94,65.7,30,85.26,0,0,1,0,1,1,1,75.69,2179.32,Medium
MINE-001,Pit-A,0.508,28.91,33.74,67.56,75,93.39,0,1,2,0,0,0,1,57.97,2424.4,Medium
MINE-003,Pit-C,0.05,15.09,26.67,65.64,11,83.12,1,0,1,0,4,1,1,82.72,1818.29,Medium
MINE-001,Pit-A,0.645,11.51,27.91,77.99,76,100.0,1,1,2,0,0,1,1,79.21,866.31,Low
MINE-001,Workshop,0.92,26.32,33.9,67.93,66,85.81,0,1,1,0,1,0,1,75.52,2073.1,High
MINE-001,Pit-A,0.205,10.12,31.15,79.11,94,88.01,0,1,2,1,1,0,1,84.58,1710.46,Medium
MINE-002,Workshop,1.046,10.62,31.49,64.54,92,86.17,1,1,1,0,0,0,0,75.47,1272.46,High
MINE-001,Pit-B,0.845,17.76,31.13,77.97,28,96.61,1,0,2,0,0,1,1,96.33,1837.64,Medium
MINE-001,Pit-B,0.972,2.0,34.91,80.45,44,100.0,1,0,0,0,3,1,1,84.12,1626.05,High
MINE-002,Underground-Zone-1,0.616,3.5,32.74,75.98,80,86.78,1,1,1,0,3,1,1,82.87,1251.77,Medium
MINE-001,Underground-Zone-1,0.203,14.84,32.8,83.0,51,96.2,0,1,1,0,2,1,1,69.24,1689.38,Medium
MINE-003,Coal-Handling,0.823,22.76,35.89,66.22,12,83.16,0,1,0,0,0,1,1,53.45,2505.51,High
MINE-003,Pit-C,0.331,9.98,37.43,80.31,58,96.76,1,1,1,1,0,1,1,88.44,1870.89,Low
MINE-001,Coal-Handling,0.591,16.02,39.97,74.8,13,100.0,1,1,2,0,2,1,1,53.45,1812.87,Medium
MINE-002,Workshop,0.49,2.0,28.68,62.28,7,99.71,1,1,1,0,3,1,1,74.52,2023.36,Medium
MINE-003,Coal-Handling,0.944,27.32,40.88,49.12,58,91.8,1,1,1,1,3,1,1,89.45,1917.72,High
MINE-002,Pit-A,0.806,20.2,26.61,51.68,25,84.8,0,0,1,0,1,1,0,66.72,1659.64,High
MINE-002,Workshop,0.522,21.09,38.74,45.5,99,91.0,1,1,0,1,3,1,1,72.01,1897.52,High
MINE-003,Underground-Zone-1,0.05,22.88,28.46,77.11,52,89.13,1,0,1,1,1,1,1,59.88,1842.06,Medium
MINE-002,Pit-B,0.328,18.78,30.72,68.1,51,88.32,1,1,1,0,1,1,1,66.01,726.22,Low
MINE-003,Underground-Zone-1,0.796,13.16,31.07,73.05,92,92.24,1,1,1,2,2,1,1,67.66,2064.6,High
MINE-002,Pit-C,0.648,29.3,27.53,69.84,72,90.6,1,1,2,2,3,1,1,71.99,1822.49,High
MINE-003,Workshop,0.05,19.57,31.35,78.98,88,95.25,1,0,0,0,0,1,1,79.68,2070.71,Low
MINE-001,Workshop,0.05,16.34,27.74,79.33,67,95.29,1,0,2,2,0,1,1,81.01,1790.46,Medium
MINE-003,Pit-A,0.618,17.91,26.06,72.51,20,90.62,1,1,2,1,0,1,1,96.79,1624.61,Low
MINE-003,Pit-C,0.18,17.7,30.85,73.24,78,93.59,1,1,0,2,1,1,1,71.68,1323.16,Medium
MINE-003,Pit-B,0.214,16.24,37.36,73.72,94,98.93,1,1,2,1,4,0,1,85.24,1880.59,Medium
MINE-003,Workshop,0.785,22.46,29.98,88.7,97,87.81,1,1,1,1,0,0,1,69.74,1878.56,High
MINE-002,Workshop,0.971,8.64,34.76,47.94,9,91.1,1,0,1,0,1,1,1,99.79,2474.88,Medium
MINE-001,Pit-A,0.287,9.37,27.62,63.95,15,84.83,1,1,1,0,6,0,1,79.61,1558.51,High
MINE-003,Coal-Handling,0.534,23.59,25.87,82.38,33,93.88,0,1,1,0,1,1,1,75.31,2338.26,Medium
MINE-002,Pit-B,0.524,16.55,32.82,85.29,83,92.19,1,1,2,0,2,1,1,67.71,2197.33,Medium
MINE-001,Underground-Zone-1,0.493,27.71,38.02,77.13,74,93.77,1,1,1,2,0,1,1,89.78,1415.35,Medium
MINE-001,Pit-C,0.564,22.09,31.84,69.79,52,85.07,1,1,1,0,2,1,1,79.69,1108.37,Medium
MINE-001,Workshop,0.815,12.47,34.31,94.34,19,95.59,1,0,1,1,2,1,1,80.66,2307.34,High
MINE-001,Workshop,0.314,23.75,36.98,74.13,88,91.61,0,0,1,0,2,1,1,64.27,2029.62,High
MINE-003,Underground-Zone-1,0.05,29.97,30.85,72.37,38,97.18,0,1,2,0,3,1,1,67.83,2210.31,Medium
MINE-003,Pit-B,1.142,22.47,30.39,87.98,64,88.37,1,1,1,0,1,1,1,55.1,1874.37,Medium
MINE-002,Coal-Handling,0.931,24.66,32.89,77.71,66,95.09,1,0,1,0,1,1,1,71.38,1288.75,Medium
MINE-002,Workshop,0.164,16.28,33.6,83.28,6,93.67,1,1,1,2,1,1,1,71.77,1890.07,Medium
MINE-002,Pit-B,0.597,27.93,25.4,84.68,84,100.0,0,0,1,0,1,0,1,60.52,2125.69,High
MINE-001,Underground-Zone-1,0.904,12.19,32.18,67.53,23,90.3,1,1,0,0,0,1,1,77.06,686.92,Medium
MINE-001,Pit-A,0.812,21.39,31.0,93.21,53,87.67,1,0,1,0,1,1,1,73.47,2039.87,Medium
MINE-003,Coal-Handling,0.712,43.7,27.84,42.45,82,88.04,1,1,0,0,0,1,1,68.56,2214.27,Medium
MINE-001,Pit-C,0.49,23.39,30.72,48.24,92,84.35,1,1,2,0,1,1,1,66.85,2265.89,Medium
MINE-001,Workshop,1.155,13.79,26.34,63.84,32,87.98,1,0,1,0,0,1,1,80.16,2028.56,Medium
MINE-001,Pit-B,0.627,13.77,24.96,66.92,52,76.96,0,0,2,0,0,1,1,67.88,1589.56,Medium
MINE-002,Pit-A,0.37,17.29,31.27,76.35,100,99.21,0,1,2,0,0,0,1,99.38,1767.45,Medium
MINE-002,Pit-C,0.855,26.51,34.61,63.73,41,100.0,1,1,2,0,2,1,1,75.61,1061.28,Medium
MINE-003,Pit-B,0.584,19.46,29.61,71.86,78,90.11,1,0,0,1,0,1,0,89.94,2325.29,High
MINE-001,Pit-B,0.672,11.51,27.16,69.54,53,93.63,1,1,2,0,2,1,1,63.11,2195.84,Medium
MINE-001,Pit-C,0.621,11.5,27.78,96.05,52,91.98,1,1,2,0,1,1,1,75.89,1632.89,Low
MINE-003,Pit-A,0.724,19.52,33.2,62.34,77,83.12,1,1,2,1,0,0,1,65.61,2098.3,Medium
MINE-001,Underground-Zone-1,0.208,18.42,37.67,51.8,92,97.16,1,1,0,1,1,0,1,83.54,2110.48,High
MINE-001,Pit-A,0.05,22.55,34.08,85.43,33,98.05,0,1,1,1,1,1,1,77.19,1251.31,Medium
MINE-002,Coal-Handling,1.052,27.17,36.2,63.43,64,84.75,1,1,2,1,3,1,1,100.0,2817.71,Medium
MINE-003,Workshop,0.637,45.27,26.81,70.9,33,92.98,0,1,1,0,0,0,1,73.08,1380.31,High
MINE-003,Pit-C,0.82,3.38,30.7,64.25,62,89.42,1,0,1,0,1,1,1,55.12,739.92,Medium
MINE-003,Underground-Zone-1,0.05,24.87,35.07,80.85,52,98.14,1,1,1,0,2,1,0,77.22,2001.15,Medium
MINE-003,Pit-C,0.923,18.98,25.4,55.51,27,90.5,1,0,2,2,0,0,1,80.57,1968.48,High
MINE-002,Pit-C,0.367,2.0,28.37,38.41,31,90.67,0,1,1,0,2,1,1,69.86,1602.54,Medium
MINE-002,Pit-A,0.268,30.5,34.77,87.55,99,100.0,0,1,2,1,1,1,1,68.2,1905.01,Medium
MINE-001,Workshop,0.528,22.21,32.03,74.97,11,83.29,1,1,1,1,1,1,1,62.43,1407.7,Medium
MINE-001,Coal-Handling,0.208,26.0,27.14,84.87,53,92.49,1,1,1,0,4,1,1,84.26,946.45,Medium
MINE-001,Pit-B,0.549,2.0,24.48,87.15,58,91.53,1,0,1,0,1,1,1,85.69,2287.66,Medium
MINE-001,Pit-B,0.502,15.8,36.35,61.0,72,87.38,1,1,1,0,0,1,0,100.0,1952.64,Medium
MINE-002,Pit-C,0.921,7.21,22.79,72.73,82,100.0,0,1,1,0,0,0,1,75.83,1614.27,Medium
MINE-003,Workshop,1.08,39.63,33.53,78.06,46,93.02,1,1,1,0,0,1,1,79.99,2672.62,Medium
MINE-002,Underground-Zone-1,1.069,29.45,28.87,70.7,78,95.03,1,1,1,0,1,1,1,74.86,1652.51,Medium
MINE-001,Pit-A,0.05,11.19,35.19,68.25,63,95.89,0,1,1,1,0,1,1,100.0,2096.26,Low
MINE-002,Workshop,0.223,2.63,26.83,69.44,48,89.07,1,1,1,2,3,1,1,86.03,1310.23,Medium
MINE-003,Workshop,0.05,19.94,41.46,85.0,30,98.45,1,0,1,1,0,1,1,78.03,696.73,High
MINE-003,Pit-A,0.132,28.92,32.61,68.89,27,97.24,1,1,0,1,0,1,1,100.0,2107.24,Medium
MINE-002,Pit-C,0.323,2.0,33.27,79.2,77,90.27,1,1,0,0,1,1,1,77.23,2092.22,Low
MINE-002,Workshop,0.694,8.68,27.91,76.16,12,96.63,1,1,1,0,1,1,1,100.0,2757.3,Low
MINE-002,Pit-B,0.368,6.94,30.47,60.43,57,98.44,0,1,2,0,2,1,1,99.63,1237.71,Low
MINE-001,Pit-A,0.378,26.67,30.57,75.62,18,95.77,1,0,1,0,2,1,1,77.72,961.29,Medium
MINE-002,Underground-Zone-1,0.614,14.3,38.18,53.54,75,85.99,1,1,0,1,0,1,1,84.66,1492.99,Medium
MINE-002,Coal-Handling,0.05,14.72,32.6,76.82,11,90.45,1,1,1,2,1,1,1,79.65,2076.97,Medium
MINE-002,Pit-C,0.256,19.75,33.18,82.69,13,93.85,1,0,1,0,0,1,1,87.8,705.21,Low
MINE-003,Pit-A,0.374,9.22,33.13,85.46,7,92.51,1,1,1,0,2,1,1,70.47,1839.86,Low
MINE-003,Coal-Handling,0.479,3.56,33.51,60.57,82,86.53,1,1,1,0,2,1,1,100.0,1568.87,Low
MINE-001,Coal-Handling,0.577,31.7,25.44,65.57,21,89.28,1,1,1,0,1,0,0,69.51,1600.38,Medium
MINE-001,Underground-Zone-1,1.075,32.62,39.2,75.41,48,93.11,1,1,1,1,0,1,1,81.31,1361.4,High
MINE-003,Workshop,0.868,19.8,27.49,66.29,90,81.94,0,1,1,1,0,1,1,82.78,2355.11,Medium
MINE-003,Underground-Zone-1,0.281,20.52,30.85,48.85,50,91.12,1,1,1,1,2,1,1,73.9,1002.78,Medium
MINE-003,Workshop,0.459,30.61,37.13,65.5,94,95.18,0,0,1,1,2,1,1,61.24,2274.16,High
MINE-002,Workshop,0.435,19.57,38.74,75.36,62,92.7,1,1,1,0,1,1,1,81.13,2041.91,Medium
MINE-002,Pit-A,0.37,13.81,34.22,84.81,32,85.86,1,0,2,2,3,0,1,81.22,1560.9,High
MINE-003,Pit-A,0.645,18.39,28.98,92.27,18,86.91,0,0,1,1,2,1,1,73.72,2570.55,High
MINE-002,Pit-C,0.05,31.93,31.51,73.5,13,99.92,1,1,2,0,0,1,1,74.24,856.04,Low
MINE-002,Workshop,0.858,18.53,31.67,78.8,30,85.37,1,1,0,0,1,1,1,80.0,2299.46,Medium
MINE-001,Coal-Handling,1.143,11.31,31.81,83.53,6,98.11,0,1,2,1,1,1,1,94.19,1249.63,Medium
MINE-003,Pit-B,0.456,19.47,26.08,47.39,79,87.27,1,1,1,0,3,1,0,93.27,1571.02,Medium
MINE-003,Pit-C,0.449,24.56,36.04,59.77,85,97.78,1,0,1,0,3,1,1,84.26,1955.78,Medium
MINE-002,Pit-A,0.605,23.36,31.54,73.23,38,94.25,0,1,0,0,2,1,1,72.43,2323.19,Medium
MINE-003,Underground-Zone-1,0.907,23.53,28.11,90.67,23,88.91,1,1,0,1,0,1,1,73.58,1322.1,Medium
MINE-001,Pit-C,0.436,9.73,29.01,79.56,43,80.4,0,1,1,0,0,1,1,74.83,2085.24,Medium
MINE-001,Pit-C,0.877,25.7,32.08,75.96,86,93.39,0,1,0,1,2,0,1,72.15,1580.59,High
MINE-001,Pit-C,0.721,18.28,25.39,69.26,17,92.09,1,1,0,2,1,1,1,63.68,1372.87,High
MINE-003,Pit-C,1.377,10.88,34.51,77.12,9,93.48,1,0,1,2,2,1,0,67.87,977.72,High
MINE-003,Pit-B,0.435,25.62,31.94,64.84,54,94.24,1,1,0,1,0,1,1,85.83,1610.14,Medium
MINE-003,Underground-Zone-1,0.05,13.46,37.26,62.64,27,83.12,0,1,1,0,4,1,1,69.65,1159.96,High
MINE-003,Underground-Zone-1,0.05,2.26,31.31,63.68,92,93.36,1,1,1,0,3,1,1,78.47,1188.82,Low
MINE-003,Underground-Zone-1,0.554,7.99,26.66,88.09,33,95.46,1,0,1,0,1,1,0,78.01,1556.51,High
MINE-001,Workshop,0.91,16.18,26.21,61.92,76,95.38,1,1,1,0,1,1,1,83.97,1681.13,Low
MINE-002,Coal-Handling,0.322,23.78,29.44,67.21,30,83.48,0,0,2,2,1,0,1,69.42,1525.75,High
MINE-001,Underground-Zone-1,0.469,9.36,29.86,77.65,83,97.93,0,1,2,2,1,1,1,34.99,1834.68,High
MINE-003,Pit-C,0.79,15.59,28.73,61.44,61,93.57,1,1,1,0,1,1,1,69.99,2642.55,Low
MINE-001,Pit-C,0.212,5.83,31.51,74.71,5,94.33,0,1,1,0,1,1,1,65.99,1464.64,Medium
MINE-003,Underground-Zone-1,0.336,27.82,28.63,74.71,32,85.63,1,1,1,0,2,1,1,50.69,1353.23,Medium
MINE-003,Underground-Zone-1,0.141,35.17,32.02,64.51,66,95.54,0,1,1,0,2,1,0,70.81,1332.01,High
MINE-001,Pit-C,0.962,34.09,28.92,68.89,51,80.66,0,1,1,0,1,1,1,69.1,406.64,High
MINE-003,Workshop,1.09,27.65,33.53,60.68,82,85.91,0,1,1,1,0,1,1,77.64,1482.63,High
MINE-002,Pit-A,0.05,26.63,29.76,88.59,63,98.6,1,1,1,1,2,1,1,84.82,2690.69,Medium
MINE-003,Pit-A,0.5,2.0,35.98,75.09,35,95.25,0,1,1,2,0,1,0,100.0,1834.98,High
MINE-002,Underground-Zone-1,1.043,19.77,33.61,59.42,74,92.75,1,1,2,0,0,1,0,79.21,1597.84,Medium
MINE-002,Pit-B,0.69,13.04,31.77,73.52,53,96.66,1,1,2,0,0,0,1,78.39,2062.81,Medium
MINE-003,Underground-Zone-1,0.379,26.8,30.17,74.06,9,97.08,1,0,2,2,1,1,1,100.0,1585.09,Medium
MINE-001,Underground-Zone-1,0.05,2.0,24.92,45.08,35,95.55,1,1,1,0,0,1,1,61.5,2419.23,Low
MINE-002,Pit-A,0.954,19.93,36.65,88.09,41,89.7,1,0,1,0,2,0,1,62.36,1737.5,High
MINE-001,Pit-C,0.676,15.86,28.28,60.12,83,85.73,1,0,2,0,0,1,1,85.83,2499.37,Low
MINE-002,Underground-Zone-1,0.05,29.18,31.36,97.08,19,87.02,1,0,1,1,0,0,1,95.1,1931.31,Medium
MINE-003,Pit-C,0.966,33.48,32.38,81.54,56,99.46,1,1,1,1,0,1,1,96.62,2064.73,Medium
MINE-003,Pit-C,0.05,8.71,30.27,58.48,73,83.35,1,1,1,2,4,1,1,54.54,1723.83,High
MINE-002,Pit-B,0.473,9.16,36.42,68.23,96,93.94,1,0,1,0,2,1,1,54.92,2284.6,High
MINE-003,Pit-C,0.457,20.3,26.11,83.07,15,93.95,1,1,1,1,1,1,1,76.48,2648.3,Medium
MINE-002,Pit-A,1.116,35.34,37.94,69.15,47,99.81,1,1,2,1,1,1,1,87.22,2068.4,Medium
MINE-003,Workshop,0.459,18.6,33.69,86.14,74,93.94,0,1,0,0,1,1,0,73.04,1709.36,High
MINE-001,Workshop,0.457,5.21,30.01,67.49,27,88.46,1,1,2,2,0,1,1,62.7,2287.41,Low
MINE-003,Coal-Handling,0.073,11.94,30.06,71.06,44,88.56,1,0,2,1,1,1,1,61.45,1564.52,Medium
MINE-001,Underground-Zone-1,0.326,20.03,22.13,83.4,67,90.97,1,1,2,2,2,1,1,91.47,2508.48,Low
MINE-003,Pit-A,0.264,20.4,27.61,79.24,6,97.8,1,1,1,2,1,1,1,91.87,1546.26,Medium
MINE-001,Pit-C,0.282,10.96,29.58,60.9,83,95.84,1,1,1,0,2,1,1,86.2,1763.69,Low
MINE-003,Workshop,0.552,11.74,31.7,77.21,91,84.49,0,1,2,0,1,1,1,77.35,2234.84,Medium
MINE-001,Pit-A,0.05,8.18,36.04,74.01,90,92.67,1,1,1,0,1,1,1,66.72,778.08,Low
MINE-002,Workshop,0.05,29.41,39.15,61.06,77,95.95,1,1,1,1,1,1,1,53.19,1957.42,Medium
MINE-002,Pit-C,0.511,9.65,32.09,55.31,51,89.58,1,1,1,1,0,0,1,58.47,1879.63,Medium
MINE-001,Workshop,0.592,13.35,31.82,48.82,34,78.04,1,1,0,1,2,1,1,51.5,1567.46,Medium
MINE-003,Underground-Zone-1,0.468,13.07,29.04,68.47,20,89.82,1,0,1,0,0,1,1,74.1,1637.87,Medium
MINE-001,Underground-Zone-1,0.536,2.0,24.14,71.35,63,82.09,0,1,1,1,0,1,1,84.05,1377.46,Medium
MINE-003,Coal-Handling,0.407,9.37,28.58,78.05,51,81.14,1,1,1,0,0,1,1,78.86,1319.11,Low
MINE-002,Coal-Handling,0.544,30.28,30.18,81.85,34,97.39,1,1,0,0,0,1,1,96.41,1592.61,Low
MINE-003,Workshop,0.702,5.91,34.9,67.03,13,100.0,1,1,2,1,1,1,1,80.32,1302.07,Medium
MINE-002,Pit-A,0.699,8.36,33.08,71.0,69,99.19,1,0,1,0,1,1,1,56.63,2055.1,Medium
MINE-003,Underground-Zone-1,0.309,4.67,31.89,62.9,63,75.34,1,0,1,0,0,1,1,76.22,1440.37,Medium
MINE-003,Pit-A,0.87,17.09,28.68,73.05,68,89.96,1,1,2,0,0,1,1,76.62,2199.24,Low
MINE-003,Pit-A,0.605,36.85,23.07,83.62,12,87.46,0,1,1,0,0,1,1,84.49,1326.77,Medium
MINE-001,Workshop,0.981,16.67,23.31,73.21,56,82.17,1,1,2,0,0,1,0,89.02,1155.86,Medium
MINE-001,Pit-A,1.052,18.67,24.35,85.96,22,93.79,1,1,1,1,2,1,1,84.14,1690.44,Medium
MINE-002,Underground-Zone-1,0.05,10.05,29.83,83.42,95,89.89,1,1,1,1,1,1,1,71.67,1221.24,Low
MINE-002,Pit-C,0.249,17.38,34.98,89.49,86,84.02,1,0,1,0,0,0,1,95.94,1731.5,Medium
MINE-001,Coal-Handling,0.835,30.29,34.87,73.55,100,78.66,1,1,1,0,3,1,1,88.88,1405.57,Medium
MINE-002,Pit-C,0.05,19.43,34.17,65.61,62,87.35,1,0,1,0,4,1,1,44.32,1169.44,High
MINE-001,Pit-A,1.047,39.32,28.94,79.45,53,91.05,1,0,1,1,2,0,1,87.92,1175.86,High
MINE-003,Pit-C,0.43,30.59,35.58,67.53,36,90.29,1,1,1,0,1,0,0,66.49,2386.87,High
MINE-002,Underground-Zone-1,0.751,17.14,27.28,79.08,52,97.38,1,1,2,0,3,1,0,55.19,2150.51,Medium
MINE-002,Underground-Zone-1,0.509,16.94,34.41,64.05,49,93.03,1,1,1,0,1,1,1,81.27,1144.83,Medium
MINE-001,Pit-A,0.063,34.31,24.3,62.06,58,88.93,1,1,2,0,2,1,1,100.0,1403.57,Low
MINE-002,Workshop,0.919,19.37,26.29,86.6,89,86.1,1,1,1,1,1,1,0,77.31,2543.11,Medium
MINE-002,Pit-C,1.513,32.09,37.61,59.85,50,80.37,1,0,1,0,1,1,1,74.24,1785.41,High
MINE-003,Workshop,0.37,38.03,30.18,84.27,100,84.45,0,1,2,0,0,1,1,79.26,1628.39,Medium
MINE-002,Workshop,0.437,15.96,28.28,79.03,35,99.15,1,1,2,0,0,1,1,100.0,1853.7,Low
MINE-003,Pit-B,0.05,21.52,35.41,73.13,41,96.19,1,1,1,2,3,1,1,74.52,1931.8,Medium
MINE-001,Pit-A,1.023,27.8,35.87,49.29,20,92.73,1,1,2,1,3,0,1,90.78,1794.61,High
MINE-002,Coal-Handling,0.869,25.68,29.27,89.83,50,88.04,1,1,1,0,0,1,1,72.82,1398.69,Low
MINE-003,Underground-Zone-1,0.05,25.6,32.11,60.78,50,98.45,1,0,0,0,2,1,0,70.45,805.76,High
MINE-001,Underground-Zone-1,0.05,4.67,31.55,83.44,82,84.93,1,1,1,2,1,1,1,96.36,1789.97,Low
MINE-002,Pit-A,0.05,9.52,20.0,63.71,92,85.0,1,1,2,0,2,1,1,63.67,875.3,Medium
MINE-001,Coal-Handling,0.776,13.05,25.42,62.75,93,90.44,1,0,2,2,1,1,1,87.71,1555.55,Medium
MINE-002,Underground-Zone-1,0.811,30.14,34.77,80.02,65,77.9,1,1,0,0,0,0,0,73.56,1472.36,High
MINE-001,Pit-A,0.227,5.65,27.67,78.46,50,84.76,1,1,2,0,0,1,1,68.16,1437.5,Low
MINE-001,Underground-Zone-1,0.725,33.23,33.12,58.26,55,89.58,0,1,2,1,0,1,1,72.57,2012.19,Medium
MINE-003,Workshop,0.606,25.8,32.05,89.24,66,88.23,1,1,1,1,0,1,1,48.73,1693.35,Medium
MINE-001,Pit-C,0.421,29.54,35.86,69.53,39,85.07,1,1,1,2,1,1,1,64.35,2036.67,High
MINE-002,Pit-C,0.89,8.7,25.54,72.83,85,100.0,1,1,1,1,1,1,1,79.74,901.59,Medium
MINE-002,Underground-Zone-1,0.128,18.72,32.58,68.44,46,99.18,1,1,1,0,0,1,0,74.78,2178.31,Low
MINE-003,Pit-B,0.952,20.99,30.74,58.77,49,100.0,1,1,2,1,3,0,1,65.7,2259.98,High
MINE-002,Coal-Handling,0.295,20.55,27.84,80.82,72,90.41,1,1,1,1,2,0,1,97.26,1774.97,Medium
MINE-002,Coal-Handling,1.174,20.96,27.81,75.47,79,88.07,0,1,1,0,1,1,0,65.09,2767.92,High
MINE-002,Coal-Handling,0.198,15.23,31.91,62.34,51,100.0,1,1,1,0,1,1,1,96.68,2137.59,Low
MINE-001,Workshop,0.427,19.35,33.52,83.33,83,91.51,1,1,1,0,1,0,1,79.91,1782.94,Medium
MINE-001,Coal-Handling,0.571,28.34,31.25,72.66,34,84.64,0,1,1,0,4,1,1,74.58,2515.98,High
MINE-002,Pit-C,0.568,6.33,31.38,72.92,28,85.05,1,1,1,1,2,1,1,79.22,1842.07,Low
MINE-003,Workshop,0.722,33.47,29.01,93.32,70,89.05,1,1,1,0,1,1,1,81.82,1338.27,Medium
MINE-001,Pit-A,0.1,27.82,29.27,52.7,47,90.87,1,1,1,0,2,1,1,65.58,2205.56,Low
MINE-003,Coal-Handling,0.537,8.35,27.83,52.55,38,91.49,0,0,2,1,1,1,1,65.93,2556.7,High
MINE-002,Coal-Handling,0.598,21.84,28.93,55.25,27,89.9,1,1,1,0,1,1,0,75.39,1032.89,Medium
MINE-002,Pit-A,0.365,27.01,33.38,76.36,65,100.0,1,0,1,1,1,1,1,83.68,1568.36,Medium
MINE-001,Coal-Handling,0.691,5.65,33.83,67.69,99,82.88,1,1,0,2,2,1,1,86.63,1545.34,Medium
MINE-002,Pit-A,0.079,18.42,25.9,68.65,41,95.04,1,0,1,0,3,1,1,94.19,1162.29,Medium
MINE-001,Workshop,0.436,17.21,27.41,60.69,17,88.14,1,1,2,0,0,1,1,62.03,1658.92,Low
MINE-002,Pit-C,0.286,11.54,28.16,91.98,75,90.77,1,1,1,0,0,1,1,82.64,1408.78,Low
MINE-002,Pit-A,0.437,18.92,30.74,96.01,100,96.64,1,1,1,1,1,1,1,77.83,2010.48,Medium
MINE-001,Pit-B,1.056,12.0,24.27,82.79,11,80.3,1,1,0,0,3,1,0,71.07,2046.98,High
MINE-001,Pit-A,1.063,31.74,27.48,53.91,46,85.32,1,0,1,0,0,1,1,100.0,1869.43,Medium
MINE-001,Coal-Handling,0.995,11.73,25.46,66.16,42,90.2,1,1,2,0,1,1,1,83.62,1905.51,Low
MINE-002,Workshop,0.388,25.92,32.6,81.93,56,99.86,1,1,1,1,1,1,0,96.58,2552.36,Medium
MINE-002,Underground-Zone-1,0.868,2.0,30.88,71.45,48,99.83,1,1,1,0,4,1,1,34.27,2807.52,Medium
MINE-003,Workshop,0.589,16.38,29.15,82.83,68,98.66,1,0,2,1,0,0,1,91.61,2104.35,Medium
MINE-001,Underground-Zone-1,0.566,18.12,26.75,86.97,17,77.84,1,1,1,1,0,1,1,84.97,1546.92,Medium
MINE-002,Pit-A,0.523,16.06,29.21,94.89,92,84.7,0,1,0,1,0,0,1,87.12,1939.77,Medium
MINE-002,Pit-C,1.165,14.04,28.74,64.14,32,84.95,1,0,1,2,2,1,1,74.19,1815.43,High
MINE-001,Pit-B,1.028,11.32,37.54,72.98,100,90.67,1,1,0,0,5,0,1,100.0,2141.28,High
MINE-003,Workshop,0.811,25.55,34.99,66.71,86,79.88,1,1,2,0,2,0,1,75.44,1357.52,Medium
MINE-001,Coal-Handling,0.49,27.99,28.24,47.99,5,97.59,1,1,1,1,0,1,0,77.76,2172.72,Medium
MINE-003,Underground-Zone-1,0.564,17.18,31.66,80.42,47,79.03,1,1,2,0,1,1,1,65.28,1841.03,Low
MINE-002,Coal-Handling,0.736,7.03,34.78,78.76,46,97.2,1,1,0,1,2,1,1,77.49,1757.67,Medium
MINE-003,Pit-C,0.367,35.94,28.24,65.44,99,96.23,1,1,1,2,0,1,1,75.73,1777.52,Medium
MINE-002,Underground-Zone-1,0.878,9.2,25.33,52.82,54,84.43,1,1,0,2,1,1,0,91.94,2473.89,Medium
MINE-001,Workshop,0.228,3.41,23.81,67.39,64,98.57,0,1,1,1,0,1,1,86.25,3167.73,Medium
MINE-001,Pit-A,0.687,2.0,36.09,80.77,5,89.0,1,1,1,2,1,1,1,93.25,1859.09,Medium
MINE-001,Coal-Handling,0.05,18.99,30.24,88.05,55,87.44,1,1,1,0,1,1,1,76.6,1434.25,Low
MINE-003,Pit-C,0.357,15.83,32.17,63.45,20,88.47,1,0,2,0,3,1,0,73.59,1794.18,Medium
MINE-002,Workshop,1.277,28.31,28.7,85.29,43,88.99,1,1,1,0,1,1,1,89.49,1954.46,Medium
MINE-001,Workshop,0.913,24.11,25.93,79.47,19,89.54,1,1,1,0,1,0,1,80.05,1880.78,Medium
MINE-001,Workshop,1.087,20.9,26.67,76.96,37,89.67,1,1,2,0,1,1,1,47.32,1884.85,Medium
MINE-002,Workshop,0.316,15.29,25.64,56.48,91,85.66,1,1,2,2,1,1,1,72.12,1711.54,Medium
MINE-001,Underground-Zone-1,0.586,29.1,34.4,57.0,57,87.05,1,1,1,1,0,1,1,49.58,2474.05,Medium
MINE-002,Workshop,0.999,36.67,36.97,62.03,21,87.57,1,0,2,1,4,1,1,67.4,1665.1,High
MINE-002,Coal-Handling,0.772,28.09,31.15,68.08,93,100.0,1,1,1,0,1,1,1,91.34,2202.41,Medium
MINE-002,Pit-C,0.728,13.36,24.93,93.61,10,87.57,1,0,1,0,0,1,1,73.63,1044.85,Medium
MINE-002,Underground-Zone-1,1.121,25.82,32.99,64.05,35,87.19,1,1,2,2,0,1,1,74.5,1516.81,Medium
MINE-002,Workshop,0.186,13.98,36.06,81.26,73,100.0,1,0,2,1,1,1,1,75.48,1946.51,Medium
MINE-003,Pit-B,0.486,6.95,34.89,66.42,44,89.07,1,1,2,1,1,1,1,78.14,1784.37,Medium
MINE-001,Pit-B,0.05,9.01,30.88,77.67,34,85.66,1,1,2,2,0,1,0,73.65,2408.44,Medium
MINE-003,Pit-C,0.167,14.42,30.06,71.24,73,84.36,1,0,1,1,1,1,1,100.0,1934.59,Medium
MINE-001,Pit-A,0.926,19.04,30.85,74.12,80,82.48,1,1,1,1,2,1,1,55.86,2462.3,Medium
MINE-003,Pit-A,0.229,38.61,35.9,76.44,11,94.25,1,1,1,0,2,1,1,80.98,2043.44,Medium
MINE-002,Underground-Zone-1,0.807,9.18,34.04,69.01,17,80.17,1,1,1,0,2,1,1,85.23,1391.71,Medium
MINE-001,Underground-Zone-1,1.13,31.23,29.46,76.49,8,99.08,1,1,1,1,0,1,1,66.37,1703.77,Medium
MINE-001,Underground-Zone-1,0.488,14.83,29.36,86.81,54,90.45,1,1,1,0,1,1,0,86.39,1735.04,Medium
MINE-003,Pit-A,0.732,2.0,29.07,62.95,7,88.38,1,1,2,1,1,1,1,69.32,2438.73,Low
MINE-003,Pit-B,0.81,12.94,26.74,86.23,16,89.63,1,1,2,0,1,1,1,84.24,1676.29,Low
MINE-001,Pit-A,0.122,29.77,36.41,68.82,69,93.78,1,1,1,0,0,1,1,61.6,1731.75,Medium
MINE-003,Coal-Handling,0.334,21.45,27.85,67.55,31,88.18,1,1,1,0,1,0,1,79.14,1600.41,Medium
MINE-003,Workshop,0.199,22.04,32.96,80.39,54,89.85,0,1,1,0,4,1,1,100.0,1861.13,Medium
MINE-003,Underground-Zone-1,0.362,31.29,28.35,67.91,81,97.32,1,1,1,2,0,1,1,66.23,2126.13,Medium
MINE-002,Pit-B,0.801,7.64,29.09,75.83,21,93.08,0,0,2,0,2,1,1,72.6,2150.63,Medium
MINE-002,Pit-C,0.342,7.48,30.54,74.71,76,83.5,1,1,1,1,0,1,1,99.45,1643.36,Low
MINE-003,Pit-C,0.538,2.0,33.18,47.0,36,86.75,1,1,1,0,1,1,1,94.07,799.25,Low
MINE-003,Workshop,0.185,26.77,29.96,77.01,88,80.31,1,0,2,0,0,1,1,100.0,1937.9,Low
MINE-002,Pit-B,0.979,23.62,26.44,54.71,55,94.69,1,1,2,0,1,1,1,73.2,1850.83,Medium
MINE-002,Pit-A,0.359,25.24,31.08,55.62,21,95.33,1,0,1,2,0,1,1,82.51,1876.36,High
MINE-001,Pit-A,1.083,6.17,27.93,76.4,38,85.39,1,1,0,0,2,1,1,84.0,1803.1,Medium
MINE-001,Coal-Handling,0.571,2.0,37.18,78.44,39,100.0,1,1,2,1,1,0,1,67.9,1952.66,Medium
MINE-002,Coal-Handling,0.058,4.8,29.96,86.46,28,100.0,0,1,1,0,1,0,1,63.47,792.14,Medium
MINE-003,Pit-A,0.49,8.77,28.33,58.93,58,91.14,1,1,2,0,0,1,1,61.87,1872.97,Low
MINE-003,Pit-C,0.178,33.54,38.9,63.1,22,86.22,1,1,1,1,3,1,1,71.48,1303.03,High
MINE-003,Underground-Zone-1,0.756,28.0,33.96,77.57,54,92.64,0,0,1,0,1,1,1,61.39,2392.35,High
MINE-003,Pit-C,0.459,13.42,27.41,86.69,50,86.07,1,1,0,0,3,1,0,69.2,1861.67,Medium
MINE-001,Coal-Handling,0.607,20.99,27.84,74.31,52,96.7,1,1,1,0,2,1,1,64.92,1437.9,Medium
MINE-002,Workshop,0.421,11.22,32.9,61.46,37,92.0,1,1,1,0,3,1,1,84.66,1208.96,Medium
MINE-003,Pit-A,0.356,21.64,31.17,90.08,91,92.43,1,1,1,0,0,1,1,83.14,1371.9,Low
MINE-001,Coal-Handling,0.209,6.62,34.56,68.85,93,100.0,1,1,1,2,2,1,1,70.57,1478.78,Medium
MINE-003,Coal-Handling,0.843,25.5,28.35,69.23,31,87.29,1,1,1,0,1,1,0,73.56,1820.03,Medium
MINE-002,Underground-Zone-1,0.489,9.5,33.8,54.77,5,87.53,1,1,1,2,4,1,1,85.74,1203.26,Medium
MINE-001,Pit-A,0.44,26.06,22.05,80.69,89,96.15,1,1,0,0,1,1,1,73.39,1920.98,Medium
MINE-002,Underground-Zone-1,0.481,13.73,30.38,82.23,63,88.47,1,0,2,0,0,1,1,70.26,2301.45,Medium
MINE-002,Pit-A,0.312,10.1,28.53,63.53,14,100.0,1,1,0,0,0,0,1,60.72,2351.72,Medium
MINE-001,Underground-Zone-1,0.441,34.13,29.18,93.01,99,97.0,1,1,1,0,1,1,1,94.97,1607.93,Low
MINE-001,Pit-C,0.622,19.77,30.59,64.95,29,88.77,0,1,1,0,3,1,1,56.93,1786.01,Medium
MINE-001,Workshop,0.188,14.78,35.55,79.5,88,80.13,0,1,2,0,5,1,1,73.9,1469.13,Medium
MINE-001,Workshop,0.239,25.58,26.38,74.68,61,82.29,0,1,1,2,2,1,1,66.49,1196.77,High
MINE-001,Pit-A,1.032,4.6,22.25,47.69,70,88.11,1,1,0,1,1,1,1,79.89,1530.82,Medium
MINE-001,Pit-B,0.423,29.07,26.85,78.53,19,93.43,1,1,0,1,2,1,0,72.18,897.4,High
MINE-001,Coal-Handling,0.357,16.61,35.09,77.45,32,97.61,0,1,1,0,3,1,1,79.09,812.27,High
MINE-003,Coal-Handling,0.08,24.01,24.42,50.8,17,89.7,1,1,1,2,4,1,1,67.07,1951.25,High
MINE-002,Pit-A,0.848,2.52,28.71,90.3,18,85.67,0,1,1,0,2,1,1,72.1,1926.5,Medium
MINE-001,Underground-Zone-1,0.18,14.18,34.36,77.5,70,90.16,1,1,0,2,1,1,1,60.49,2409.86,Medium
MINE-003,Pit-B,0.545,18.05,30.77,86.87,38,91.12,1,1,1,0,0,1,1,64.89,2517.58,Low
MINE-003,Pit-C,0.05,28.3,35.51,51.41,29,98.83,1,0,1,0,1,1,1,71.98,1891.04,Medium
MINE-003,Underground-Zone-1,0.836,24.8,22.86,67.07,58,98.5,1,1,1,2,3,1,1,80.14,1328.47,High
MINE-002,Underground-Zone-1,0.962,14.08,29.71,86.17,83,84.99,1,1,0,0,4,1,1,76.09,1326.76,Medium
MINE-001,Pit-A,0.72,21.18,36.35,53.18,16,93.72,1,0,1,2,1,1,1,95.73,1279.91,High
MINE-003,Pit-A,0.05,30.57,26.49,67.43,13,85.88,0,1,1,0,2,1,0,58.33,1925.92,High
MINE-002,Coal-Handling,0.844,16.0,35.14,76.88,35,86.05,0,1,1,0,0,1,0,74.6,1424.45,Medium
MINE-002,Pit-A,0.26,14.91,30.06,49.27,82,97.23,1,1,1,2,0,1,1,48.45,1097.5,Medium
MINE-002,Pit-A,0.14,2.0,32.74,56.14,97,89.8,1,1,2,1,1,1,1,75.84,2010.48,Low
MINE-003,Pit-A,0.416,15.21,36.06,88.59,57,94.84,1,1,1,1,2,1,1,69.28,2230.1,Medium
MINE-001,Coal-Handling,0.409,2.0,32.72,72.72,47,94.21,1,1,1,0,1,1,1,71.29,1426.68,Low
MINE-003,Pit-C,0.373,16.86,28.64,86.12,42,90.52,1,0,1,0,2,1,1,69.14,1782.75,Medium
MINE-003,Pit-C,0.996,27.88,33.25,74.19,46,93.0,0,1,1,0,0,1,1,83.65,2530.81,Medium
MINE-001,Pit-A,1.254,2.0,28.35,98.0,76,92.22,0,1,0,0,0,1,1,81.64,2266.65,Medium
MINE-001,Coal-Handling,0.071,30.34,32.09,77.26,52,84.1,1,1,1,1,3,0,1,62.32,1338.71,Medium
MINE-001,Pit-C,0.309,14.7,25.99,87.24,71,93.92,1,1,0,0,2,1,1,75.07,2577.04,Medium
MINE-002,Underground-Zone-1,0.6,17.73,31.12,69.05,70,86.76,1,1,2,1,1,1,0,58.23,2159.18,Medium
MINE-001,Pit-C,0.414,12.98,35.76,74.53,20,84.59,1,1,1,1,2,1,1,55.8,2612.56,High
MINE-003,Pit-C,0.69,2.0,29.8,79.7,87,96.13,1,1,1,0,0,1,1,83.21,1709.87,Low
MINE-001,Coal-Handling,0.871,10.17,35.37,81.69,98,87.45,0,1,0,2,4,1,1,63.22,1372.79,High
MINE-003,Underground-Zone-1,0.812,38.97,43.37,71.53,20,97.66,1,1,1,2,2,0,1,70.02,1780.29,High
MINE-002,Coal-Handling,0.763,7.04,30.88,72.03,35,97.59,1,1,1,0,0,1,1,80.85,1094.56,Low
MINE-003,Pit-A,1.131,2.11,33.46,78.02,62,88.14,1,1,1,0,2,0,1,77.77,2214.0,Medium
MINE-003,Workshop,0.05,19.41,32.91,78.02,32,97.41,1,1,1,0,3,1,1,96.25,1523.56,Low
MINE-001,Pit-C,1.068,17.14,31.9,59.7,8,88.66,1,1,2,1,1,0,1,61.66,1995.17,Medium
MINE-001,Workshop,0.405,14.77,34.15,74.7,14,90.59,1,1,1,0,3,1,1,93.85,2881.61,Medium
MINE-003,Coal-Handling,0.825,18.14,30.01,75.85,55,93.96,0,1,1,1,2,1,1,85.52,1556.13,Medium
MINE-001,Coal-Handling,0.19,24.44,28.35,60.28,22,100.0,0,1,2,0,0,1,1,87.88,1799.84,Low
MINE-002,Coal-Handling,0.232,12.13,24.89,82.87,51,96.65,1,1,0,1,0,1,1,72.91,1566.43,Medium
MINE-002,Workshop,0.782,19.94,29.63,76.95,36,90.65,1,1,1,1,2,1,1,65.63,1727.25,Medium
MINE-001,Coal-Handling,0.05,28.24,34.61,98.0,34,91.62,1,0,1,2,0,1,1,79.24,1682.76,High
MINE-002,Pit-A,0.896,8.05,27.24,71.69,40,81.5,1,1,1,0,1,1,1,65.56,2299.86,Low
MINE-001,Coal-Handling,0.991,2.0,31.99,85.63,13,97.03,1,1,1,0,1,1,1,65.15,2244.47,Medium
MINE-003,Pit-B,0.612,24.71,30.51,78.47,40,96.38,1,0,1,0,2,1,0,79.96,1686.35,High
MINE-003,Workshop,0.6,43.03,28.52,95.06,33,92.7,1,1,2,0,0,1,0,91.68,1860.04,Medium
MINE-002,Pit-B,0.258,17.93,23.59,60.36,20,95.31,0,1,1,0,3,0,1,57.15,1632.71,High
MINE-001,Coal-Handling,0.786,20.02,36.45,66.06,96,78.85,1,1,2,2,3,1,1,94.99,2507.65,Medium
MINE-001,Pit-A,0.672,15.04,33.07,60.77,25,84.51,1,1,2,1,1,1,1,61.86,523.47,Medium
MINE-002,Pit-C,0.227,33.88,41.66,71.06,68,100.0,0,1,1,0,2,1,1,74.02,1407.54,High
MINE-003,Underground-Zone-1,0.413,17.22,35.32,58.5,70,89.45,1,1,2,1,3,1,0,74.22,2012.85,High
MINE-002,Underground-Zone-1,0.494,16.13,36.36,53.69,63,95.54,1,1,1,0,2,1,1,71.71,2222.25,Medium
MINE-003,Coal-Handling,0.413,27.11,24.0,46.4,32,86.52,1,1,2,0,1,1,1,74.92,2434.51,Low
MINE-001,Pit-A,0.073,13.16,23.93,45.63,59,88.35,1,1,1,1,0,0,1,79.75,1800.05,Medium
MINE-003,Workshop,0.795,5.15,31.17,79.88,35,100.0,0,1,2,2,2,1,1,94.54,1505.0,Medium
MINE-002,Pit-B,0.465,26.82,26.41,66.53,37,90.06,1,0,0,0,0,1,1,75.37,1786.39,Medium
MINE-001,Pit-B,0.555,12.08,28.27,57.19,91,94.14,1,1,2,1,0,1,1,66.14,2284.24,Low
MINE-002,Pit-B,0.348,8.25,41.11,64.09,64,91.78,0,1,1,2,2,1,0,64.1,1492.71,High
MINE-002,Workshop,0.716,39.0,35.76,65.67,45,92.48,1,1,1,0,2,1,1,82.15,1769.42,High
MINE-003,Underground-Zone-1,0.62,16.21,27.26,60.42,85,92.27,0,0,0,0,1,0,1,88.63,1650.14,High
MINE-002,Pit-A,0.974,22.94,21.54,91.27,50,79.13,1,1,1,1,2,1,1,69.56,2423.49,Medium
MINE-003,Workshop,0.718,18.3,26.92,89.0,53,93.86,1,1,1,1,1,1,0,89.92,1219.09,Medium
MINE-001,Pit-B,0.479,9.14,28.77,91.06,69,87.77,1,1,1,0,1,1,1,100.0,537.87,Low
MINE-003,Coal-Handling,0.291,24.89,29.71,74.15,46,100.0,1,1,1,0,2,1,1,95.15,1738.33,Low
MINE-001,Pit-C,0.853,21.15,25.88,75.37,27,86.36,1,1,1,1,4,1,1,68.58,2110.13,High
MINE-003,Workshop,0.451,11.41,35.52,64.17,31,88.17,0,1,1,1,0,1,1,91.41,1544.67,Medium
MINE-002,Workshop,0.49,22.33,28.15,61.84,93,100.0,1,1,1,0,0,0,1,90.02,882.05,Low
MINE-003,Pit-A,0.49,12.86,33.59,72.26,36,95.34,0,1,2,0,1,1,1,78.82,2124.71,Medium
MINE-003,Pit-A,0.409,6.96,31.22,79.83,87,85.1,0,1,1,1,1,0,1,89.66,1577.71,Medium
MINE-001,Workshop,0.496,5.94,34.75,86.35,92,92.06,1,1,0,1,1,1,1,87.89,1912.67,Medium
MINE-002,Pit-B,1.224,20.7,30.05,65.45,7,83.68,1,1,1,2,1,1,1,94.22,1652.74,Medium
MINE-003,Pit-C,0.183,14.17,27.3,56.97,64,92.55,1,1,2,2,2,1,1,85.52,694.71,Medium
MINE-002,Pit-A,0.265,33.02,28.61,80.81,80,86.17,1,1,0,1,4,1,1,87.81,1962.31,Medium
MINE-003,Pit-B,1.035,17.57,28.66,50.18,83,100.0,1,1,1,2,1,1,1,64.74,2084.53,Medium
MINE-003,Coal-Handling,0.419,10.15,39.26,71.53,21,93.53,1,1,1,2,1,1,1,77.97,1702.57,High
MINE-002,Pit-A,0.392,19.58,31.31,73.07,36,94.17,1,1,2,1,1,1,1,68.25,1236.27,Medium
MINE-003,Pit-B,0.912,5.06,31.02,67.45,11,96.7,1,1,1,1,0,1,1,93.54,2719.55,Medium
MINE-002,Pit-B,0.053,17.16,34.53,53.46,87,97.37,1,1,1,1,3,1,1,60.35,1995.22,Medium
MINE-003,Pit-C,0.838,21.19,31.0,67.61,75,86.87,1,0,1,1,1,1,1,49.55,1116.76,High
MINE-001,Pit-C,0.566,19.96,35.49,91.71,73,91.57,1,1,2,0,1,1,1,59.59,2950.03,Medium
MINE-002,Coal-Handling,0.713,31.03,29.51,79.1,62,88.33,1,1,1,0,4,1,1,75.04,1494.15,Medium
MINE-003,Pit-B,0.706,43.98,29.11,85.94,44,100.0,1,1,1,0,2,0,1,51.69,2466.03,High
MINE-003,Underground-Zone-1,0.33,24.71,27.08,57.39,89,77.29,0,1,1,0,0,1,1,53.39,2127.54,Medium
MINE-001,Pit-B,0.918,29.79,38.4,75.07,52,87.55,0,1,2,0,2,1,1,86.64,1977.53,High
MINE-002,Pit-C,0.357,43.43,30.72,73.06,55,90.52,1,0,0,2,0,0,1,59.89,2495.19,High
MINE-003,Underground-Zone-1,0.693,7.94,26.3,73.29,61,91.82,0,1,1,0,0,1,1,91.06,888.46,Low
MINE-001,Pit-A,0.983,19.31,31.79,78.67,75,91.7,1,1,1,0,1,1,1,60.82,2086.44,Medium
MINE-003,Pit-A,1.033,13.22,28.4,73.77,41,90.72,0,0,1,1,0,0,0,50.22,1631.13,High
MINE-002,Workshop,0.457,26.43,29.44,57.73,91,90.03,1,0,1,0,0,1,1,64.63,3003.42,Medium
MINE-003,Pit-C,0.712,20.72,32.24,79.36,79,92.45,1,1,1,1,0,1,1,61.25,835.26,Medium
MINE-003,Workshop,0.424,9.82,37.08,82.09,78,93.77,0,0,1,0,2,1,1,61.19,1956.09,High
MINE-003,Underground-Zone-1,1.426,18.11,31.41,87.83,89,100.0,1,1,1,0,0,1,1,76.58,1991.42,Medium
MINE-003,Pit-C,0.823,28.47,28.16,88.36,59,100.0,1,1,2,2,2,0,1,80.21,1500.26,High
MINE-001,Coal-Handling,0.579,4.96,28.98,77.72,45,92.81,1,1,0,1,0,1,1,95.97,1670.49,Low
MINE-001,Pit-B,0.659,10.03,33.63,58.29,24,88.03,1,0,2,2,3,1,1,73.29,1568.62,High
MINE-002,Coal-Handling,0.692,8.53,23.17,53.65,37,88.45,0,1,1,0,4,1,0,81.73,1314.08,High
MINE-001,Underground-Zone-1,0.703,21.26,26.83,69.27,44,83.12,1,0,1,0,1,1,1,60.72,1334.38,High
MINE-001,Pit-C,0.466,30.41,31.85,83.03,38,96.72,1,1,1,0,3,1,1,66.2,1719.75,Medium
MINE-002,Underground-Zone-1,0.412,2.0,24.17,82.26,66,90.73,1,1,1,0,0,1,1,94.9,2137.62,Low
MINE-001,Pit-B,0.497,18.94,29.75,75.29,95,93.62,1,1,0,0,0,1,1,96.26,1472.21,Medium
MINE-001,Pit-A,0.151,8.76,29.09,71.56,23,93.0,0,1,1,0,0,1,1,98.64,630.8,Low
MINE-002,Pit-A,0.801,28.05,34.51,94.84,47,86.81,1,1,2,1,2,1,1,76.37,1752.88,Medium
MINE-002,Underground-Zone-1,0.269,15.63,30.0,78.89,73,86.07,1,1,1,1,3,1,1,60.78,1941.87,Medium
MINE-002,Workshop,0.179,19.31,35.75,70.95,67,88.28,0,1,1,0,0,1,1,67.84,1678.16,Medium
MINE-003,Pit-C,0.545,17.99,31.32,64.25,97,93.91,0,1,1,0,0,1,1,73.74,1821.33,Medium
MINE-003,Pit-C,0.504,29.24,38.11,59.9,14,90.52,1,1,2,2,2,1,1,70.65,2260.91,High
MINE-002,Pit-A,0.637,38.49,25.45,58.72,17,80.41,1,1,1,0,5,0,0,79.47,1765.88,High
MINE-002,Coal-Handling,0.351,6.65,37.47,59.9,97,84.86,1,1,2,0,0,1,1,87.77,2208.26,Low
MINE-002,Pit-B,0.413,8.47,29.36,75.37,9,89.4,1,0,1,0,1,1,0,64.62,1955.15,Medium
MINE-003,Coal-Handling,0.792,21.21,36.9,71.78,62,90.82,1,0,2,1,1,1,1,100.0,1329.94,Medium
MINE-003,Coal-Handling,0.771,9.84,35.74,68.09,63,94.09,1,1,1,0,1,1,1,78.97,2358.06,Medium
MINE-001,Underground-Zone-1,0.756,27.34,20.0,80.84,80,91.24,1,1,1,2,2,1,1,95.65,1126.09,Medium
MINE-001,Pit-A,0.562,28.94,32.92,93.71,63,88.82,1,0,2,0,0,1,1,83.5,754.51,Medium
MINE-002,Pit-A,0.609,12.53,34.99,62.12,81,88.62,1,1,1,0,0,1,1,100.0,1849.94,Low
MINE-003,Pit-A,0.631,10.36,36.31,63.91,90,92.21,1,1,1,0,0,1,1,62.88,2099.58,Low
MINE-003,Underground-Zone-1,0.32,15.25,26.29,45.4,19,93.51,0,0,1,0,1,1,1,71.32,2065.2,High
MINE-003,Workshop,1.066,19.04,33.36,71.68,81,89.02,1,0,1,0,1,1,1,71.36,1196.2,High
MINE-002,Coal-Handling,1.016,21.15,31.78,70.47,5,84.53,1,1,1,2,0,1,1,80.38,1872.99,Medium
MINE-001,Underground-Zone-1,0.828,2.0,32.73,82.71,42,90.41,1,1,1,0,2,1,1,79.63,969.42,Low
MINE-002,Pit-C,0.401,8.33,35.0,70.96,57,87.1,1,1,1,2,1,1,1,83.06,1974.6,Medium
MINE-001,Pit-B,0.739,13.96,35.63,64.94,56,92.73,1,1,2,0,1,1,1,79.82,1844.41,Low
MINE-001,Workshop,0.892,10.03,28.38,74.31,5,99.88,1,1,1,0,0,1,1,85.25,2071.7,Low
MINE-002,Pit-C,0.122,2.0,32.06,78.68,15,82.89,1,1,0,0,2,1,1,71.71,2194.48,Low
MINE-001,Coal-Handling,1.143,2.0,31.16,52.59,62,97.9,1,1,1,0,1,1,1,84.08,2066.38,Medium
MINE-001,Pit-A,0.05,4.95,30.04,84.08,44,93.81,1,1,0,1,2,1,0,100.0,1134.36,Medium
MINE-003,Coal-Handling,0.797,16.85,30.42,87.68,90,97.62,1,1,1,2,2,1,1,78.06,1545.25,Medium
MINE-001,Underground-Zone-1,1.059,13.64,31.78,78.57,64,88.39,1,1,1,1,3,1,1,59.22,1230.46,Medium
MINE-002,Pit-B,0.51,11.68,28.59,60.79,48,82.32,1,1,1,0,1,0,1,69.85,529.67,Medium
MINE-002,Underground-Zone-1,0.497,25.97,34.53,68.09,10,92.08,1,1,2,0,1,1,1,72.03,2171.91,Medium
MINE-001,Workshop,0.784,25.96,36.08,86.19,32,99.4,1,1,2,2,1,1,1,66.48,2118.36,High
MINE-003,Workshop,1.198,19.5,27.72,60.26,35,84.64,0,1,0,2,3,1,0,79.59,1337.05,High
MINE-003,Pit-B,0.452,19.2,36.27,79.54,12,85.54,1,1,1,0,1,1,1,88.39,1407.59,Medium
MINE-001,Pit-C,0.277,9.43,27.73,71.39,9,94.52,1,1,2,0,3,1,1,61.1,1783.52,Medium
MINE-001,Pit-C,0.402,10.63,34.59,73.92,58,87.93,1,1,1,1,1,0,1,55.97,1525.01,High
MINE-002,Workshop,0.05,2.0,36.27,61.97,21,100.0,0,1,2,1,1,1,1,100.0,2350.37,Medium
MINE-001,Workshop,0.864,15.49,30.62,75.97,42,94.91,1,1,2,0,1,1,1,65.81,1607.32,Medium
MINE-003,Pit-A,0.37,25.86,27.76,75.11,13,86.68,1,0,1,0,0,0,0,96.37,1378.25,Medium
MINE-001,Pit-C,0.477,31.54,28.65,53.89,78,87.61,0,1,1,2,0,1,1,87.89,2015.63,Medium
MINE-002,Pit-B,0.868,15.55,32.45,71.95,88,87.85,0,1,2,0,2,1,0,70.15,1345.35,High
MINE-002,Pit-C,0.418,22.92,38.86,79.37,82,90.74,1,1,2,0,1,1,1,67.76,2153.34,Medium
MINE-002,Pit-A,0.816,2.0,24.23,67.38,18,92.83,1,0,1,0,1,1,1,70.14,1770.69,Medium
MINE-002,Underground-Zone-1,0.187,13.67,31.4,42.63,30,92.39,1,1,1,0,4,0,1,72.25,2255.42,Medium
MINE-002,Workshop,0.886,13.44,30.65,70.62,97,84.25,0,0,2,2,3,1,1,86.05,2298.97,High
MINE-001,Workshop,0.67,32.91,29.17,89.6,66,96.41,1,1,1,1,3,1,1,59.89,1147.92,Medium
MINE-001,Pit-A,0.519,21.93,30.68,67.87,95,89.26,1,0,1,1,2,1,1,94.66,1832.75,Medium
MINE-001,Pit-B,0.596,22.94,28.83,89.14,29,85.43,1,1,1,0,0,1,1,69.69,1776.84,Low
MINE-001,Workshop,0.1,22.42,35.97,62.25,84,88.22,1,1,2,1,1,1,1,58.98,1742.59,Medium
MINE-002,Coal-Handling,0.588,18.45,36.37,58.07,40,97.09,1,1,2,0,2,1,1,80.41,2379.8,Medium
MINE-003,Workshop,0.5,33.32,31.35,71.94,84,92.14,0,1,1,0,1,0,1,100.0,1792.17,High
MINE-001,Coal-Handling,0.109,2.0,30.44,62.13,37,92.67,1,1,1,2,1,1,1,67.08,1107.16,Medium
MINE-003,Pit-A,0.315,19.46,29.03,75.96,7,83.98,0,1,1,0,0,1,1,79.68,1570.37,Medium
MINE-001,Pit-A,0.505,29.3,31.36,67.53,91,91.79,1,1,2,0,3,1,0,79.84,1449.93,Medium
MINE-001,Workshop,0.337,2.0,38.39,89.69,15,96.99,0,1,1,0,3,1,1,100.0,1593.86,High
MINE-003,Pit-C,0.05,26.38,30.59,66.7,62,80.18,1,1,2,0,1,1,0,65.8,1792.57,Medium
MINE-002,Coal-Handling,0.927,10.39,27.64,73.08,68,88.67,1,0,1,0,1,0,1,90.17,1450.95,Medium
MINE-001,Pit-B,0.5,19.1,29.41,79.16,22,94.74,1,0,2,1,2,1,1,59.5,2106.02,Medium
MINE-001,Workshop,0.05,10.2,34.01,83.48,51,91.95,1,1,2,0,2,1,1,80.89,2559.84,Low
MINE-001,Pit-B,1.297,27.59,28.13,89.76,48,84.89,0,1,1,0,1,1,1,87.58,1888.25,Medium
MINE-003,Workshop,0.984,15.12,30.87,69.18,97,93.39,1,1,0,1,3,1,0,91.05,2193.95,High
MINE-002,Pit-C,0.428,26.46,32.89,67.21,63,84.0,0,1,1,0,0,0,1,60.21,1302.6,High
MINE-003,Pit-C,0.255,22.35,28.43,49.03,54,85.79,1,1,2,1,1,1,1,51.83,2227.7,Medium
MINE-003,Pit-C,0.691,10.06,23.94,96.5,73,86.42,1,1,1,2,0,1,1,75.43,2485.31,Medium
MINE-002,Underground-Zone-1,0.621,23.02,26.71,76.33,92,100.0,1,1,1,0,2,1,1,70.59,2412.15,Medium
MINE-003,Pit-C,0.74,11.36,27.56,81.02,33,80.98,0,1,1,1,1,1,1,59.55,1508.5,High
MINE-002,Pit-A,0.256,18.64,30.08,78.67,97,81.42,1,1,1,0,0,1,1,61.03,2419.34,Medium
MINE-001,Pit-A,0.934,14.93,31.18,72.59,94,92.7,0,1,1,1,2,1,1,71.78,2680.03,High
MINE-002,Underground-Zone-1,0.384,27.0,34.29,76.2,71,91.63,1,1,1,0,1,0,1,100.0,1519.55,Medium
MINE-001,Coal-Handling,0.788,23.4,26.09,65.28,6,88.18,1,0,2,0,1,1,1,61.99,2150.52,Medium
MINE-003,Pit-B,0.271,17.69,33.71,68.37,29,91.08,1,1,1,0,2,1,1,89.59,1512.18,Low
MINE-003,Workshop,1.477,11.14,29.52,60.6,23,84.61,1,1,1,1,0,0,1,58.87,1121.94,High
MINE-001,Workshop,0.793,5.31,23.86,90.69,44,91.55,1,1,1,0,0,1,1,68.2,1692.98,Medium
MINE-003,Underground-Zone-1,1.559,19.36,31.05,78.74,6,92.26,1,1,0,0,2,1,1,58.08,1519.05,High
MINE-002,Pit-A,0.84,11.68,36.27,95.71,87,98.29,0,1,1,2,2,1,1,100.0,1731.9,High
MINE-001,Workshop,0.353,2.0,34.53,98.0,69,100.0,1,1,1,0,1,1,1,90.43,508.42,Low
MINE-003,Pit-A,0.84,4.7,30.69,55.15,66,89.39,1,1,2,1,1,1,1,87.12,1992.11,Medium
MINE-001,Coal-Handling,0.865,34.26,35.5,83.82,95,83.36,1,1,1,0,0,1,1,86.45,1683.85,Medium
MINE-002,Pit-B,0.681,11.4,31.77,55.7,58,93.31,1,1,1,2,2,1,1,67.5,2175.29,Medium
MINE-002,Coal-Handling,0.771,28.82,34.92,74.13,49,90.2,1,1,1,0,0,1,1,78.46,1570.57,Medium
MINE-003,Underground-Zone-1,0.817,14.43,24.35,75.78,53,89.93,1,1,2,0,1,1,1,64.41,2666.45,Medium
MINE-002,Pit-C,0.202,30.4,26.0,56.55,73,81.33,1,1,1,1,0,1,0,100.0,1581.37,Medium
MINE-001,Pit-C,0.177,29.67,33.92,63.15,42,91.59,0,1,2,2,2,1,1,63.38,1856.33,High
MINE-002,Pit-C,0.272,9.74,37.16,76.32,8,93.54,1,0,1,1,4,0,1,66.81,1309.01,High
MINE-001,Coal-Handling,0.595,2.0,32.67,74.12,21,96.96,1,1,0,0,0,1,1,98.85,1848.48,Low
MINE-001,Workshop,0.472,2.0,29.01,59.78,57,87.97,1,1,1,1,1,1,1,76.64,1934.39,Medium
MINE-002,Pit-B,0.209,9.91,27.6,63.62,89,86.05,1,1,1,1,2,1,1,85.85,1516.9,Medium
MINE-003,Pit-C,0.821,36.9,29.74,54.1,57,87.92,1,1,2,2,4,1,1,76.94,2179.5,High
MINE-002,Underground-Zone-1,0.649,13.89,35.85,57.56,35,96.6,1,1,1,2,0,1,1,69.04,1519.02,Medium
MINE-001,Underground-Zone-1,0.609,19.45,29.63,67.54,26,99.32,1,1,1,0,0,1,1,69.05,2367.02,Medium
MINE-001,Pit-C,0.46,31.03,35.19,83.85,15,97.73,1,1,0,1,0,1,1,89.21,1114.98,Medium
MINE-002,Pit-C,0.418,19.1,33.61,85.37,38,94.89,1,1,1,1,0,1,1,80.96,1767.24,Low
MINE-003,Pit-B,0.256,18.76,37.86,94.0,19,90.81,1,1,1,1,4,1,1,93.64,3113.96,Medium
MINE-003,Pit-C,0.877,24.23,31.8,77.09,14,91.74,1,1,1,0,0,1,1,93.48,603.22,Low
MINE-001,Pit-B,0.304,20.89,30.8,74.26,100,92.62,1,0,0,0,1,1,1,85.5,2276.99,Medium
MINE-001,Underground-Zone-1,0.623,17.01,35.39,77.94,57,89.49,1,1,0,0,1,1,1,91.62,1958.28,Medium
MINE-003,Pit-C,1.132,10.79,27.26,77.83,52,96.34,1,1,1,2,3,0,1,84.98,1646.51,High
MINE-002,Coal-Handling,0.434,18.78,29.22,52.6,35,81.08,0,1,1,0,1,1,1,82.95,2349.73,Medium
MINE-001,Coal-Handling,0.886,28.94,24.28,94.67,41,82.19,1,1,2,0,0,0,1,73.79,2013.79,Medium
MINE-001,Underground-Zone-1,0.749,35.82,25.98,48.83,32,81.07,1,1,0,0,3,1,1,56.0,1652.31,Medium
MINE-003,Pit-B,0.659,20.92,38.69,85.79,35,86.19,1,1,1,1,1,1,1,69.75,1431.8,Medium
MINE-002,Coal-Handling,0.701,25.55,33.77,72.68,74,99.08,1,1,1,2,0,1,1,96.81,1588.48,Medium
MINE-003,Pit-B,0.517,20.7,25.52,58.93,18,83.87,1,1,2,1,0,1,1,81.75,1676.84,Low
MINE-002,Coal-Handling,0.562,17.13,35.78,78.38,91,84.09,1,1,1,0,0,1,0,72.77,1712.12,Medium
MINE-002,Coal-Handling,0.358,23.14,28.19,70.58,20,86.05,1,0,1,2,1,1,0,93.62,1402.42,High
MINE-002,Pit-B,0.565,29.89,33.56,63.81,29,97.65,1,1,1,0,2,1,1,72.18,1874.82,Medium
MINE-001,Workshop,0.345,9.14,33.5,55.42,43,99.61,1,1,1,2,1,1,1,87.2,1474.23,Medium
MINE-003,Coal-Handling,0.902,3.49,37.66,54.41,70,97.09,1,1,1,0,1,1,1,95.29,1868.03,Low
MINE-003,Pit-C,0.05,12.67,28.85,64.67,42,97.46,0,1,0,1,1,1,1,85.9,2755.96,Medium
MINE-002,Underground-Zone-1,0.718,20.12,28.04,67.36,45,100.0,1,1,1,0,2,1,0,91.8,2227.03,Medium
MINE-001,Workshop,0.668,26.7,20.24,57.47,44,80.22,1,1,1,2,1,1,1,84.14,1780.61,High
MINE-001,Pit-B,0.636,8.1,30.51,72.46,68,83.65,1,1,1,0,1,1,0,53.24,1209.36,Medium
MINE-003,Workshop,0.909,2.0,33.9,59.18,93,86.8,1,0,1,0,1,1,1,95.04,1870.91,Medium
MINE-001,Pit-A,0.45,12.91,34.45,76.32,20,91.62,1,1,1,2,2,1,0,88.43,2693.1,High
MINE-001,Pit-A,0.639,16.06,36.01,86.78,86,91.6,0,0,2,0,1,0,1,74.04,1295.97,High
MINE-002,Coal-Handling,0.05,6.38,32.16,75.47,81,91.7,0,1,0,1,2,1,1,70.36,702.74,Medium
MINE-001,Coal-Handling,0.405,10.44,33.02,70.87,63,96.01,1,0,2,1,3,1,1,79.61,1957.73,Medium
MINE-002,Pit-C,0.85,26.67,31.27,65.58,95,79.49,1,0,1,1,1,1,1,62.41,2568.67,High
MINE-003,Underground-Zone-1,0.081,18.78,33.83,89.35,15,90.16,1,0,1,0,1,0,1,90.26,2407.33,Medium
MINE-001,Workshop,0.606,21.46,27.26,69.68,5,92.59,1,1,2,2,1,1,1,76.04,2627.7,Medium
MINE-003,Pit-A,0.313,14.44,25.37,98.0,17,89.05,1,1,2,2,0,1,1,66.31,1156.08,Low
MINE-003,Coal-Handling,0.511,10.46,27.69,57.8,34,92.13,0,0,0,0,0,1,1,86.64,1600.74,Medium
MINE-001,Underground-Zone-1,0.334,14.37,31.85,75.48,73,97.13,1,1,2,0,1,1,1,84.17,1984.47,Low
MINE-001,Workshop,0.113,22.99,25.8,88.95,22,91.37,1,1,1,0,0,1,1,88.62,645.32,Low
MINE-003,Coal-Handling,0.685,3.09,28.47,63.72,82,100.0,1,1,1,0,0,1,1,61.3,1786.17,Low
MINE-001,Coal-Handling,0.533,34.5,28.59,69.17,17,96.71,1,1,0,0,2,1,0,87.58,1534.07,Medium
MINE-002,Pit-A,0.764,23.75,34.13,79.51,36,92.6,1,0,1,2,1,1,1,100.0,1676.73,High
MINE-002,Pit-A,0.828,12.64,33.64,76.65,75,94.02,0,1,1,1,1,0,0,77.44,1933.61,High
MINE-001,Coal-Handling,0.979,26.13,31.28,78.72,76,95.46,1,1,1,1,1,1,1,76.62,1631.46,Medium
MINE-003,Pit-B,0.597,30.22,32.8,85.92,54,100.0,1,0,1,0,0,1,0,59.93,1255.0,High
MINE-001,Coal-Handling,0.994,14.7,32.88,67.84,75,98.05,1,1,1,0,0,0,1,79.07,2152.76,Medium
MINE-001,Underground-Zone-1,0.208,15.83,29.55,89.24,84,94.09,1,1,2,1,1,1,1,64.7,1249.67,Low
MINE-003,Coal-Handling,0.868,32.93,28.83,51.36,35,86.63,1,1,1,1,1,0,1,93.18,1743.65,Medium
MINE-003,Pit-C,0.711,39.19,37.15,84.93,55,93.49,1,0,1,1,2,1,1,100.0,1384.07,High
MINE-002,Pit-C,0.632,18.29,21.04,85.77,31,94.47,0,1,1,0,1,1,1,100.0,2141.83,Medium
MINE-003,Pit-C,0.706,6.42,28.03,62.71,64,95.67,0,1,0,1,0,1,1,66.87,1013.02,Medium
MINE-002,Pit-B,0.214,13.29,30.18,54.59,37,86.6,1,1,1,0,2,1,1,68.41,1750.69,Low
MINE-003,Pit-B,0.131,28.33,33.24,69.21,57,95.43,1,1,1,0,3,1,0,85.87,1953.72,Medium
MINE-001,Coal-Handling,1.148,7.7,35.54,76.85,97,95.8,0,0,1,1,1,1,1,75.01,1938.81,High
MINE-002,Pit-C,0.491,15.92,38.43,67.98,76,83.74,0,1,2,0,0,1,1,78.18,2337.13,Medium
MINE-002,Pit-B,0.486,20.93,30.63,78.02,37,83.79,1,1,1,2,1,1,1,100.0,2213.6,Medium
MINE-002,Pit-A,0.164,8.77,30.9,95.25,45,97.71,1,1,1,0,0,1,1,63.91,2026.46,Low
MINE-001,Coal-Handling,0.05,28.96,32.45,55.62,23,85.87,0,0,1,1,3,1,1,81.47,804.11,High
MINE-001,Underground-Zone-1,0.519,24.94,28.88,48.55,89,100.0,1,1,0,1,0,1,1,82.95,2087.83,Medium
MINE-001,Workshop,0.43,38.1,26.26,71.17,45,89.33,1,1,1,0,2,1,1,91.65,2404.55,Medium
MINE-001,Coal-Handling,0.551,25.81,30.61,63.84,89,93.31,1,1,1,1,2,0,1,66.79,1411.57,Medium
MINE-001,Workshop,0.581,8.39,33.98,66.24,93,93.02,1,1,1,1,1,1,1,97.28,2380.85,Medium
MINE-002,Pit-C,1.421,23.3,30.03,87.2,46,86.71,1,0,2,2,0,1,0,81.41,2252.21,High
MINE-001,Workshop,0.431,27.88,32.65,70.55,27,99.34,1,1,1,0,7,1,1,67.23,1447.94,High
MINE-002,Pit-C,1.103,28.39,23.52,71.65,79,89.33,0,1,0,0,0,0,1,75.65,1536.32,High
MINE-001,Pit-A,1.125,10.23,31.07,66.76,37,91.35,1,1,2,0,0,1,1,91.03,1319.01,Low
MINE-003,Workshop,0.814,9.04,29.39,71.53,24,79.11,0,1,0,1,2,1,1,100.0,2329.54,High
MINE-002,Coal-Handling,0.468,6.6,25.9,75.22,29,82.98,1,0,2,0,1,0,1,73.43,1457.79,Medium
MINE-003,Pit-C,0.073,34.05,33.63,98.0,94,97.76,1,0,2,0,0,1,1,100.0,1467.17,Medium
MINE-002,Coal-Handling,0.717,24.23,38.38,75.36,56,90.97,0,1,2,0,1,1,1,94.15,1682.78,Medium
MINE-003,Pit-B,0.907,9.79,34.96,85.95,16,87.49,1,0,1,0,0,0,1,71.36,1236.82,Medium
MINE-001,Pit-C,1.162,19.27,35.21,74.24,36,87.58,1,1,1,1,1,1,1,85.83,2044.48,Medium
MINE-001,Workshop,0.218,16.76,33.85,47.67,37,94.29,1,1,1,0,0,1,1,89.34,1651.62,Low
MINE-001,Pit-C,0.465,8.27,33.59,65.2,78,98.56,1,1,1,0,1,1,1,74.88,2348.89,Medium
MINE-002,Coal-Handling,0.22,18.36,23.8,75.35,72,87.63,1,1,0,0,0,1,1,69.62,2225.72,Low
MINE-003,Pit-A,0.328,19.91,30.49,80.68,19,97.58,1,1,2,1,1,1,1,76.26,2615.34,Medium
MINE-001,Pit-C,0.783,37.31,33.03,74.52,55,90.04,1,1,1,2,0,1,1,72.96,1015.75,Medium
MINE-003,Workshop,0.312,11.44,33.13,83.04,10,94.0,1,0,1,1,2,0,1,81.59,1161.39,High
MINE-003,Pit-B,0.262,2.0,36.09,54.48,95,80.35,0,1,2,0,2,1,1,100.0,1801.53,Medium
MINE-001,Underground-Zone-1,0.829,7.51,26.87,72.59,73,81.38,0,1,1,0,2,1,1,83.96,1858.69,Medium
MINE-001,Pit-A,0.708,9.07,33.43,87.94,73,95.92,1,1,1,0,1,1,1,100.0,1655.4,Low
MINE-003,Pit-B,0.673,13.73,26.74,60.34,86,92.65,1,0,0,1,2,0,1,85.39,2620.43,High
MINE-001,Pit-C,0.321,7.53,30.15,85.45,96,93.42,1,1,0,0,3,1,1,100.0,1599.63,Medium
MINE-001,Coal-Handling,1.003,26.22,30.75,84.83,39,84.53,1,1,0,2,0,1,1,67.42,2033.78,High
MINE-001,Coal-Handling,0.555,6.84,34.45,57.16,90,88.47,1,1,1,2,1,1,1,51.15,1968.3,Medium
MINE-002,Workshop,1.383,18.2,33.98,76.05,38,80.97,1,1,1,0,2,1,1,81.55,1497.19,Medium
MINE-003,Coal-Handling,0.606,38.0,31.48,73.91,67,85.92,0,1,2,0,1,1,1,83.19,2032.52,Medium
MINE-003,Pit-A,0.05,23.54,22.39,69.88,72,90.86,0,1,2,0,0,0,1,98.49,1798.11,Medium
MINE-002,Coal-Handling,0.05,22.51,32.78,53.68,22,92.97,1,1,1,0,1,1,0,100.0,2419.3,Low
MINE-003,Workshop,0.768,36.57,29.93,68.84,30,86.72,1,0,0,1,0,1,1,57.73,2381.63,High
MINE-001,Underground-Zone-1,1.005,30.46,36.57,70.12,90,94.31,1,1,1,1,2,0,1,75.76,539.64,High
MINE-003,Pit-C,0.276,23.65,35.61,51.62,65,90.77,1,0,1,0,0,1,1,79.81,1031.0,Medium
MINE-001,Pit-C,1.285,14.89,27.25,56.34,82,89.64,1,1,1,1,3,1,1,63.0,1727.35,Medium
MINE-002,Coal-Handling,1.132,17.77,33.33,60.88,99,91.5,0,1,2,1,0,1,0,76.18,2231.56,High
MINE-001,Pit-B,0.624,17.29,33.41,59.42,78,100.0,1,1,0,2,2,1,1,92.18,1861.57,High
MINE-003,Pit-C,0.739,13.99,33.12,75.92,92,90.03,1,1,2,1,2,1,1,93.11,2007.29,Medium
MINE-003,Underground-Zone-1,0.863,20.12,32.6,82.94,89,96.71,0,1,1,1,1,1,1,82.87,3194.59,High
MINE-003,Coal-Handling,1.211,21.51,33.52,68.27,52,94.28,1,1,2,0,1,0,0,100.0,1488.55,Medium
MINE-002,Workshop,0.789,5.55,37.01,81.2,76,89.51,1,1,1,1,2,1,1,82.53,2021.07,High
MINE-002,Underground-Zone-1,0.616,34.32,28.79,83.43,100,81.7,1,1,1,0,2,1,1,94.63,1882.2,Medium
MINE-003,Coal-Handling,0.785,22.1,27.38,70.98,35,87.24,0,0,1,1,0,1,1,67.1,2229.48,High
MINE-001,Underground-Zone-1,0.738,15.37,34.13,76.9,38,91.46,0,1,2,0,1,1,1,67.96,2275.12,Medium
MINE-002,Pit-C,0.874,20.21,23.47,69.32,91,90.37,0,1,1,0,1,1,1,100.0,2077.53,Medium
MINE-003,Workshop,0.05,27.3,33.62,58.53,93,98.78,1,1,0,0,1,0,0,71.66,2500.57,Medium
MINE-003,Coal-Handling,0.661,3.33,32.91,63.04,11,86.6,1,1,1,0,3,1,1,91.18,2469.97,Medium
MINE-002,Pit-A,0.711,16.95,21.62,75.91,87,90.12,1,1,1,0,0,1,1,71.15,2007.07,Low
MINE-002,Workshop,0.525,6.14,28.45,70.54,11,94.22,1,1,1,2,0,0,1,83.07,1747.31,Medium
MINE-002,Pit-A,0.824,44.57,37.3,80.85,51,89.33,1,0,2,0,1,1,1,76.23,1944.94,High
MINE-001,Underground-Zone-1,1.222,19.38,25.17,49.36,12,96.84,1,1,1,1,1,0,1,87.31,969.71,High
MINE-001,Pit-B,0.598,6.22,31.85,52.24,82,84.47,1,1,1,0,3,1,1,87.24,1537.09,Medium
MINE-003,Workshop,0.792,53.99,26.98,53.66,5,81.88,1,1,1,0,1,1,0,69.4,1317.14,High
MINE-002,Underground-Zone-1,1.112,12.64,28.16,74.0,81,89.28,1,1,2,0,3,1,1,87.75,2245.06,Medium
MINE-001,Pit-A,0.607,15.91,38.67,55.46,7,90.57,0,1,2,0,3,1,0,63.15,2475.17,High
MINE-002,Pit-C,0.239,16.63,31.49,75.84,57,92.31,1,1,1,0,2,1,1,100.0,2130.55,Low
MINE-003,Pit-C,0.766,9.52,33.07,81.04,96,91.83,1,1,1,0,3,1,1,82.67,1735.35,Medium
MINE-001,Pit-B,0.05,20.47,30.55,90.19,42,88.55,1,0,1,0,0,1,1,38.64,1430.19,Medium
MINE-001,Workshop,0.05,2.0,24.94,88.87,55,81.95,0,1,1,2,0,1,1,60.99,2238.28,Medium
MINE-001,Workshop,0.667,28.86,26.26,63.65,19,90.29,1,1,1,0,0,1,1,86.9,2322.67,Low
MINE-003,Workshop,0.05,6.72,35.71,51.96,71,84.76,1,1,1,1,1,1,0,90.49,1752.23,Medium
MINE-002,Underground-Zone-1,0.09,13.85,31.61,64.42,68,91.42,0,1,1,2,1,1,1,72.92,1829.91,Medium
MINE-001,Pit-B,0.417,25.52,27.92,83.72,72,84.35,1,1,1,1,1,1,1,80.04,1624.7,Medium
MINE-003,Workshop,0.298,15.96,30.91,67.32,9,93.28,0,1,1,2,1,1,1,87.43,2008.11,Medium
MINE-002,Underground-Zone-1,0.498,16.36,33.65,71.71,94,100.0,1,1,2,0,1,1,0,95.04,1605.63,Medium
MINE-003,Pit-C,0.94,7.88,32.82,65.31,93,86.64,1,1,1,1,0,1,1,89.8,1760.53,Medium
MINE-002,Pit-A,0.633,38.96,27.92,90.97,14,83.41,1,1,1,0,1,1,1,70.71,1214.6,Medium
MINE-003,Underground-Zone-1,0.256,23.31,24.7,59.83,12,97.87,1,1,1,0,3,1,1,95.74,1931.12,Medium
MINE-002,Pit-C,1.024,7.17,29.37,72.8,16,100.0,1,1,1,1,1,1,0,49.75,2675.67,High
MINE-001,Pit-C,0.05,19.78,35.44,85.3,68,83.53,1,1,1,2,1,1,1,74.36,1973.66,Medium
MINE-002,Pit-A,0.628,6.47,34.42,94.1,63,90.45,1,1,2,2,1,1,1,86.06,2321.2,Medium
MINE-003,Pit-C,0.05,35.22,32.64,63.66,71,93.92,1,1,0,0,0,1,1,62.32,2181.78,Medium
MINE-003,Pit-B,0.638,20.0,30.32,83.53,95,89.44,1,1,1,0,2,1,1,78.71,1738.89,Medium
MINE-002,Pit-A,0.438,8.24,28.93,64.41,54,80.49,1,1,1,1,0,1,1,85.19,1793.15,Medium
MINE-001,Pit-C,0.929,24.98,30.39,88.53,27,82.76,1,1,1,1,1,1,1,67.91,1526.14,Medium
MINE-001,Coal-Handling,0.802,15.22,34.13,92.75,44,83.39,1,1,1,0,1,1,1,80.48,2289.34,Medium
MINE-002,Underground-Zone-1,0.345,5.12,35.04,61.32,82,84.76,0,0,2,0,2,1,1,62.1,2034.12,Medium
MINE-002,Pit-C,0.277,21.81,29.95,79.84,91,91.52,0,1,1,1,1,1,1,91.07,2301.49,Medium
MINE-003,Pit-B,0.44,21.53,41.14,85.36,99,97.59,1,0,2,1,0,1,1,84.93,1853.54,High
MINE-001,Workshop,1.206,29.38,31.37,68.47,81,82.86,1,1,2,0,1,0,1,87.6,905.33,Medium
MINE-002,Pit-C,1.117,18.65,29.61,78.57,80,86.28,1,1,1,1,2,0,1,77.1,1439.32,High
MINE-001,Workshop,0.211,19.07,36.9,79.2,22,84.34,0,1,1,1,0,1,1,56.34,2300.66,Medium
MINE-002,Coal-Handling,0.83,19.6,22.85,96.12,25,92.73,1,1,1,2,1,0,1,76.27,1701.74,High
MINE-002,Pit-C,0.05,33.95,32.92,48.35,5,86.07,1,1,0,1,1,0,1,100.0,2331.41,Medium
MINE-001,Pit-A,0.393,14.9,30.71,71.33,42,84.94,1,1,0,0,1,1,1,91.21,2505.34,Low
MINE-002,Workshop,0.225,22.69,36.79,57.0,45,81.42,1,1,0,2,1,1,1,100.0,2264.94,Medium
MINE-002,Coal-Handling,0.924,24.17,33.42,72.17,46,99.16,1,1,1,0,0,1,1,78.72,2245.9,Medium
MINE-003,Pit-A,0.098,21.5,31.56,62.61,13,100.0,1,1,0,2,0,1,1,69.01,455.93,Medium
MINE-002,Pit-A,0.7,14.52,33.65,68.94,27,91.51,1,1,1,1,2,1,1,85.63,1683.13,Medium
MINE-002,Pit-A,0.55,19.21,26.78,61.51,82,99.91,1,1,1,2,4,1,1,75.5,1796.99,Medium
MINE-002,Pit-A,0.489,17.06,34.87,73.86,15,87.6,1,1,0,0,0,1,1,70.75,2247.4,Medium
MINE-003,Pit-C,1.135,37.59,25.62,84.89,75,90.99,1,1,1,1,3,1,1,55.45,1856.83,High
MINE-001,Underground-Zone-1,1.166,13.42,32.43,67.53,35,94.91,1,1,2,1,2,1,1,82.35,1052.41,Medium
MINE-003,Pit-C,0.499,8.87,31.14,89.17,92,86.49,1,0,1,1,1,1,1,90.18,1063.79,Medium
MINE-003,Pit-C,0.429,17.94,23.95,84.53,30,90.04,1,1,1,0,4,1,1,62.86,1557.53,Medium
MINE-001,Coal-Handling,0.05,17.23,31.28,96.41,34,89.3,0,1,0,0,0,1,1,97.36,3144.08,Low
MINE-003,Coal-Handling,0.549,19.97,32.13,76.94,38,93.63,1,0,1,1,3,1,1,81.25,1940.22,Medium
MINE-001,Underground-Zone-1,1.234,13.43,28.38,71.26,50,91.37,1,1,1,0,2,1,1,79.43,2056.01,Medium
MINE-003,Coal-Handling,0.505,19.1,26.95,52.98,73,86.64,1,1,2,1,0,1,1,62.15,1062.95,Low
MINE-001,Pit-B,0.805,19.3,32.97,62.62,9,89.19,1,1,1,0,4,1,1,84.86,2351.77,High
MINE-002,Underground-Zone-1,0.061,27.06,32.45,69.51,65,97.69,1,1,2,2,1,1,1,63.01,1641.29,Medium
MINE-003,Coal-Handling,0.398,18.93,31.91,70.93,87,94.29,0,1,2,0,1,1,1,65.59,2552.31,Medium
MINE-003,Underground-Zone-1,0.712,19.02,31.04,98.0,42,93.77,1,1,1,0,2,1,1,56.26,1178.62,Medium
MINE-003,Pit-C,0.587,23.16,28.73,69.52,32,100.0,1,1,1,0,0,1,1,100.0,1753.07,Low
MINE-003,Pit-C,0.839,26.68,40.09,50.78,30,84.21,1,1,2,1,2,1,1,77.37,1544.29,High
MINE-002,Underground-Zone-1,0.339,8.16,29.81,79.97,65,95.26,1,1,1,0,1,1,1,70.07,2117.54,Low
MINE-003,Pit-B,0.05,5.48,27.54,79.28,27,91.33,1,1,0,0,1,1,1,77.46,2289.97,Low
MINE-002,Pit-B,0.943,34.95,31.22,66.49,50,93.06,1,1,1,1,2,0,1,71.47,1485.16,High
MINE-002,Underground-Zone-1,0.222,25.04,30.28,97.53,34,92.09,1,1,0,0,1,1,1,75.67,2202.51,Medium
MINE-002,Coal-Handling,0.727,15.81,29.71,49.24,71,86.79,1,0,1,2,0,1,1,82.83,2509.4,High
MINE-002,Workshop,0.708,18.2,38.5,86.99,96,84.79,1,1,1,2,1,0,1,72.72,2290.49,High
MINE-001,Pit-B,0.05,14.07,26.48,68.51,37,91.0,0,1,2,0,2,1,1,79.61,1513.14,Low
MINE-001,Pit-A,0.917,20.11,31.15,60.59,7,86.31,1,0,1,2,3,1,1,100.0,1588.02,High
MINE-003,Pit-C,0.352,8.28,26.75,98.0,73,88.78,1,0,2,1,0,1,1,54.17,1693.65,Medium
MINE-001,Underground-Zone-1,0.569,26.4,28.84,80.84,87,95.79,0,1,1,0,1,1,1,63.2,2273.4,Medium
MINE-001,Pit-A,0.425,19.75,37.94,68.42,46,83.64,0,1,1,1,1,1,1,84.42,2014.53,High
MINE-003,Underground-Zone-1,1.118,20.12,32.13,68.17,66,89.85,1,1,2,1,1,1,1,95.79,1170.99,Medium
MINE-003,Pit-C,1.02,9.06,32.08,75.31,62,97.33,1,1,2,2,1,0,1,100.0,1792.01,Medium
MINE-003,Pit-C,0.05,23.24,27.24,66.46,61,87.96,1,1,1,1,3,1,1,83.39,2617.83,Medium
MINE-001,Pit-B,1.341,9.29,29.3,87.6,5,99.82,1,0,1,0,0,0,1,62.15,2292.93,High
MINE-001,Pit-B,0.313,11.08,38.29,73.05,77,81.7,1,1,1,1,1,0,0,97.57,1499.59,High
MINE-003,Pit-A,1.286,18.88,33.0,84.21,64,100.0,1,1,2,0,2,1,1,79.62,1032.03,Medium
MINE-002,Underground-Zone-1,0.46,43.07,29.64,74.5,73,91.11,0,0,1,1,1,1,1,79.12,1550.51,High
MINE-003,Pit-C,0.431,19.71,32.76,82.44,63,83.03,1,1,1,1,0,1,1,52.74,1798.31,Medium
MINE-002,Pit-A,0.463,2.0,32.07,88.15,50,96.0,1,1,1,0,1,1,1,93.19,1594.34,Low
MINE-002,Workshop,0.41,11.57,27.64,92.17,38,93.59,1,1,0,0,1,1,1,66.02,1309.15,Medium
MINE-003,Pit-A,1.434,24.84,29.52,77.89,29,99.29,1,1,2,1,2,0,1,85.37,2092.95,Medium
MINE-003,Coal-Handling,0.523,6.72,40.02,61.6,46,81.78,1,1,1,0,2,1,1,78.87,605.01,Medium
MINE-003,Pit-A,0.444,26.31,32.57,69.93,33,84.42,1,0,1,0,0,1,1,80.59,2360.68,Medium
MINE-001,Coal-Handling,0.577,19.59,24.72,71.69,29,95.62,1,0,2,1,0,1,1,78.67,2177.47,Medium
MINE-002,Coal-Handling,0.211,27.91,33.04,65.12,58,100.0,1,1,1,2,1,1,1,68.2,2013.49,Medium
MINE-001,Coal-Handling,1.109,12.41,36.21,63.12,77,94.45,1,0,1,1,1,1,1,67.07,2097.89,High
MINE-001,Workshop,0.05,11.63,27.38,74.09,71,95.38,1,1,2,0,0,1,1,90.32,1658.0,Low
MINE-003,Pit-A,0.335,23.65,29.17,60.2,19,86.43,1,1,1,1,1,1,0,77.79,1786.44,Medium
MINE-001,Pit-A,0.878,17.92,36.82,57.87,8,89.91,0,1,2,0,1,1,1,69.49,2534.91,High
MINE-003,Workshop,0.565,17.32,31.14,51.67,42,87.28,1,1,1,1,1,1,1,71.34,1723.94,Medium
MINE-002,Pit-C,0.742,33.69,30.43,77.76,24,94.01,1,0,1,1,1,1,1,86.94,1992.1,Medium
MINE-003,Pit-B,1.087,24.04,25.66,76.09,27,96.58,1,1,0,2,3,1,1,69.18,2063.47,High
MINE-001,Pit-A,0.901,2.0,35.28,68.1,41,92.11,1,1,1,2,1,1,1,98.75,1852.68,Medium
MINE-001,Pit-B,0.598,25.99,30.25,83.93,66,95.77,1,1,1,0,1,0,1,75.98,1692.97,Medium
MINE-003,Underground-Zone-1,1.281,24.99,22.32,60.01,12,90.83,1,1,1,2,0,1,0,73.46,926.69,High
MINE-003,Underground-Zone-1,0.33,29.85,24.71,76.57,41,98.95,1,1,1,2,2,0,1,86.03,2207.87,High
MINE-001,Workshop,0.515,8.6,28.75,72.65,49,85.83,1,1,1,1,1,1,1,74.31,2338.91,Medium
MINE-002,Underground-Zone-1,0.539,21.25,26.71,63.11,37,99.5,1,0,2,0,0,1,1,82.96,1836.33,Low
MINE-002,Underground-Zone-1,0.514,19.12,27.34,66.09,11,86.7,0,1,1,1,0,0,1,77.28,2421.66,High
MINE-003,Pit-C,0.176,8.42,40.38,65.17,26,91.1,1,1,1,0,0,1,1,55.43,1989.95,Medium
MINE-002,Pit-C,0.05,27.47,33.83,75.03,9,83.83,1,1,1,1,0,1,1,64.13,819.61,Medium
MINE-001,Pit-C,0.696,15.58,20.69,79.12,19,94.04,1,0,1,0,2,0,1,81.81,1272.71,Medium
MINE-003,Underground-Zone-1,0.328,29.53,29.74,66.88,25,91.79,1,1,1,1,3,1,1,72.14,1555.5,Medium
MINE-001,Workshop,1.218,10.57,30.64,63.45,93,95.43,1,1,2,2,0,1,1,100.0,1494.98,Medium
MINE-001,Coal-Handling,0.525,3.39,25.09,73.65,21,80.6,1,1,0,0,2,1,1,67.77,1837.13,Medium
MINE-002,Coal-Handling,0.462,15.57,33.14,52.18,60,91.8,1,0,1,1,1,1,1,60.98,1341.03,Medium
MINE-003,Pit-B,0.933,20.32,22.83,72.41,54,93.42,1,1,1,0,1,1,1,78.52,2651.74,Medium
MINE-003,Coal-Handling,0.691,12.66,35.39,90.74,11,85.07,1,1,1,1,2,1,1,81.26,723.63,Medium
MINE-002,Coal-Handling,0.489,2.0,36.77,63.55,54,94.2,1,1,0,1,0,1,1,89.49,1759.55,Medium
MINE-001,Pit-C,0.326,21.84,40.41,69.88,64,77.22,0,1,1,0,2,1,1,45.44,1425.28,High
MINE-001,Pit-C,1.83,21.79,24.7,84.29,87,90.23,0,0,1,1,2,0,1,97.6,1148.47,High
MINE-001,Underground-Zone-1,0.677,24.87,25.52,81.06,11,99.47,1,1,2,2,1,1,1,60.99,2094.84,Medium
MINE-001,Pit-B,0.93,14.2,33.77,72.74,44,90.18,0,1,1,0,0,1,1,92.16,1294.26,Medium
MINE-003,Pit-A,0.192,13.65,35.73,71.3,49,86.69,1,1,1,1,2,1,1,100.0,1820.18,Medium
MINE-003,Pit-B,0.348,32.4,34.24,57.17,63,90.61,1,0,2,1,1,1,1,87.71,1324.41,Medium
MINE-002,Pit-B,1.289,2.25,35.32,77.89,92,91.59,1,0,1,0,0,0,1,63.09,847.77,High
MINE-002,Workshop,1.039,15.53,36.51,55.88,79,96.38,1,1,1,2,3,1,1,75.49,1688.6,High
MINE-003,Underground-Zone-1,0.71,19.42,31.81,47.22,59,91.78,1,1,2,1,1,1,1,87.82,1952.87,Medium
MINE-003,Workshop,0.416,24.06,30.15,84.1,68,95.57,1,1,2,0,2,1,1,78.43,1501.03,Low
MINE-001,Pit-B,0.468,19.7,25.53,76.64,69,91.55,1,1,1,0,3,1,1,64.36,2458.2,Medium
MINE-001,Pit-B,0.313,8.78,29.81,82.56,58,86.5,1,1,1,0,3,1,1,79.3,1947.9,Low
MINE-002,Pit-B,0.145,29.68,30.42,63.16,100,82.59,1,1,1,1,2,1,1,71.28,2162.22,Medium
MINE-003,Coal-Handling,0.873,18.02,27.2,77.6,44,93.23,1,1,1,1,0,0,1,85.83,1471.44,Medium
MINE-002,Workshop,0.739,2.0,30.85,66.73,57,76.17,1,1,2,1,1,1,1,64.2,1484.29,Medium
MINE-003,Pit-B,0.808,20.09,26.75,68.07,48,80.41,1,0,1,1,1,1,1,52.86,1630.45,High
MINE-001,Pit-C,0.432,22.75,35.45,83.69,67,82.61,1,1,2,0,0,1,1,64.78,1623.44,Low
MINE-002,Underground-Zone-1,0.639,37.61,32.7,70.2,6,95.29,1,1,1,0,2,1,1,55.83,1568.91,Medium
MINE-002,Underground-Zone-1,0.399,22.09,29.16,63.64,83,82.06,1,0,1,2,1,1,0,69.83,1245.24,High
MINE-003,Pit-C,0.295,3.18,31.76,55.61,25,93.82,0,0,2,2,0,1,1,86.72,2195.27,Medium
MINE-001,Underground-Zone-1,1.133,3.53,26.58,76.33,92,84.81,0,1,1,0,3,0,1,72.88,1066.48,High
MINE-002,Coal-Handling,0.593,30.59,26.99,84.71,54,90.12,1,1,0,1,5,1,1,77.68,2112.93,High
MINE-001,Coal-Handling,0.728,9.97,28.46,62.6,85,90.62,1,1,2,0,0,0,1,64.93,2214.86,Low
MINE-002,Pit-A,0.843,2.5,30.23,80.27,56,90.03,1,1,1,0,0,1,1,78.26,1656.53,Low
MINE-001,Pit-A,0.597,28.01,31.56,60.69,13,87.12,0,1,1,1,3,1,1,65.57,3067.63,High
MINE-003,Pit-A,0.634,13.24,31.58,80.99,24,81.6,1,1,2,0,1,1,1,62.55,1804.58,Medium
MINE-002,Underground-Zone-1,0.17,27.47,25.72,72.39,87,91.16,1,1,2,0,3,1,1,75.06,1653.67,Medium
MINE-002,Coal-Handling,0.236,8.85,30.68,75.21,22,94.35,1,0,2,1,0,1,1,69.21,1676.61,Medium
MINE-001,Coal-Handling,0.218,32.74,27.73,63.63,88,95.08,1,1,1,2,1,1,1,41.42,2342.98,Medium
MINE-001,Coal-Handling,0.762,26.72,20.0,76.29,34,91.49,1,1,1,2,1,1,0,76.97,1667.35,High
MINE-002,Pit-C,0.575,10.77,43.3,64.83,69,92.55,1,1,1,1,2,1,1,65.33,2117.53,High
MINE-003,Coal-Handling,0.236,2.0,27.81,67.04,28,86.37,1,1,1,0,0,1,1,64.44,1124.0,Low
MINE-001,Pit-C,0.753,41.05,28.03,53.79,92,93.7,1,1,2,0,2,1,1,96.15,1873.29,Medium
MINE-001,Pit-A,0.74,15.9,25.61,62.73,51,93.48,1,0,1,1,0,1,1,89.1,2293.38,Medium
MINE-001,Pit-A,0.307,10.37,26.77,65.69,87,89.21,1,1,0,2,1,1,1,82.87,1779.6,Medium
MINE-002,Underground-Zone-1,0.54,31.86,30.25,75.75,98,91.29,1,1,0,2,2,1,1,78.78,1421.85,High
MINE-002,Pit-A,0.741,27.46,36.41,79.15,94,90.84,1,1,2,1,0,1,1,85.88,1657.48,Medium
MINE-002,Underground-Zone-1,0.25,29.83,30.22,64.7,48,93.74,1,1,2,0,1,1,1,72.9,1087.82,Low
MINE-002,Pit-B,0.748,17.01,29.71,70.03,33,81.74,1,1,1,0,2,1,0,79.03,2256.16,Medium
MINE-003,Pit-B,0.655,36.81,35.8,92.24,81,81.62,1,1,1,0,0,0,1,72.75,2410.19,Medium
MINE-003,Workshop,0.2,4.89,28.9,73.57,72,81.93,1,0,1,2,0,1,0,79.46,1736.57,Medium
MINE-002,Underground-Zone-1,0.627,12.48,31.08,65.56,21,88.33,1,1,2,0,2,0,1,81.71,2556.52,Medium
MINE-003,Workshop,0.678,21.9,27.31,51.84,9,93.73,1,0,1,0,2,1,1,80.9,2170.52,Medium
MINE-001,Workshop,0.331,29.68,37.74,61.75,96,77.52,1,1,1,0,1,1,0,73.22,1809.18,Medium
MINE-001,Pit-B,0.358,24.61,35.19,61.29,92,91.56,1,1,1,1,0,1,1,86.98,2472.5,Low
MINE-001,Underground-Zone-1,0.197,17.17,30.39,95.73,85,98.16,0,1,1,1,2,1,1,75.37,2156.39,Medium
MINE-002,Pit-B,0.393,13.25,29.4,61.82,54,92.64,1,1,1,1,2,1,1,75.03,2394.37,Medium
MINE-001,Workshop,0.546,29.74,30.87,72.61,44,78.89,1,0,2,1,0,1,1,54.32,2496.05,Medium
MINE-003,Underground-Zone-1,0.359,25.64,30.45,76.45,50,94.13,1,1,2,1,0,1,1,66.93,1680.44,Medium
MINE-002,Workshop,0.05,9.25,24.81,85.28,55,92.45,1,1,2,0,2,1,1,89.26,2144.52,Low
MINE-003,Coal-Handling,0.309,8.96,35.33,72.1,15,88.94,1,1,2,0,3,1,1,88.19,833.95,Medium
MINE-001,Underground-Zone-1,0.404,12.55,30.09,65.88,16,92.09,1,1,1,2,2,0,1,77.71,1219.09,High
MINE-001,Underground-Zone-1,0.836,11.26,38.59,65.08,17,82.62,1,0,1,0,2,1,1,70.74,2052.3,High
MINE-001,Workshop,0.758,28.3,32.69,76.28,68,91.31,1,1,2,0,1,1,1,79.97,1981.61,Medium
MINE-002,Coal-Handling,0.843,22.36,20.92,63.79,12,93.87,1,1,1,0,0,1,1,46.87,1325.06,Medium
MINE-003,Pit-C,0.291,23.58,25.87,58.75,69,86.84,0,1,1,0,1,1,1,79.82,1610.77,Medium
MINE-002,Pit-B,0.6,19.92,22.42,65.87,13,88.18,1,1,1,0,1,1,1,61.79,1978.23,Medium
MINE-002,Workshop,0.05,20.39,25.82,56.11,96,87.59,1,0,1,1,1,1,1,76.82,1797.83,Medium
MINE-001,Underground-Zone-1,0.7,2.18,24.47,94.21,6,88.15,1,1,1,2,2,1,1,80.76,1685.78,Medium
MINE-002,Pit-B,0.764,25.94,32.01,79.16,82,86.02,1,0,0,1,1,0,1,73.45,1094.89,High
MINE-002,Pit-B,0.427,12.37,29.74,91.45,17,86.38,0,1,0,0,0,1,1,87.71,1975.24,Medium
MINE-001,Pit-B,0.653,17.67,33.96,77.83,6,94.1,1,1,1,1,1,1,0,69.78,1705.22,High
MINE-002,Pit-C,0.05,13.27,30.85,90.3,72,80.54,1,0,2,1,2,1,0,68.53,2886.4,Medium
MINE-001,Pit-A,0.27,19.46,30.04,76.41,80,92.1,1,1,1,2,1,0,1,86.12,2502.48,Medium
MINE-001,Workshop,0.818,23.73,39.01,80.71,52,94.08,1,0,1,0,3,1,1,73.32,1867.23,High
MINE-001,Pit-A,0.729,7.91,31.89,46.4,78,82.88,1,1,1,0,2,1,1,95.51,829.61,Medium
MINE-001,Pit-A,0.406,20.53,30.68,61.03,7,90.54,1,1,2,1,1,1,1,78.18,3012.37,Medium
MINE-002,Pit-A,0.834,13.51,27.59,72.44,72,85.5,0,1,1,1,2,1,1,85.17,2208.41,Medium
MINE-001,Pit-B,0.598,31.21,26.3,72.73,10,97.82,1,1,0,0,1,1,1,90.11,1524.72,Medium
MINE-001,Coal-Handling,0.374,6.85,34.08,71.08,91,89.77,1,1,2,0,3,1,1,77.07,2242.97,Low
MINE-002,Pit-B,0.486,7.97,33.84,77.44,9,99.84,1,1,1,1,2,1,1,58.15,2197.71,Medium
MINE-002,Pit-B,0.391,14.4,37.29,77.93,7,98.93,0,1,1,0,0,1,1,86.16,1472.16,Medium
MINE-003,Underground-Zone-1,0.136,8.74,32.92,82.38,14,92.84,1,0,1,0,2,1,1,93.51,1334.66,Low
MINE-002,Underground-Zone-1,0.99,15.76,29.43,80.03,47,100.0,1,1,1,0,2,1,1,74.55,2170.93,Medium
MINE-002,Pit-A,0.351,12.72,33.04,86.45,23,81.55,1,1,2,0,1,1,1,90.9,2337.76,Low
MINE-003,Pit-B,0.259,18.88,30.68,86.55,18,99.67,1,1,0,0,1,1,1,62.82,1960.58,Low
MINE-002,Pit-A,0.05,28.08,34.46,74.1,25,89.39,1,0,1,0,3,1,1,79.95,1928.03,Medium
MINE-002,Underground-Zone-1,0.05,18.71,36.34,96.98,47,90.24,1,0,1,0,2,1,1,74.28,2476.98,High
MINE-002,Coal-Handling,0.796,19.62,30.33,88.31,32,88.23,0,1,1,0,2,0,0,57.5,1724.99,High
MINE-002,Workshop,0.828,7.43,38.03,62.32,25,82.3,1,1,0,0,1,1,1,83.18,400.0,Medium
MINE-003,Pit-A,0.968,16.66,35.75,76.71,40,94.42,1,0,0,0,1,1,1,66.45,2067.18,High
MINE-002,Coal-Handling,0.498,13.78,31.07,49.89,28,83.56,1,1,1,0,1,1,1,82.89,2376.37,Low
MINE-002,Workshop,0.437,24.82,33.68,51.91,58,87.45,1,1,1,0,0,1,0,65.03,2037.63,Medium
MINE-003,Pit-C,0.372,10.35,32.22,66.01,42,87.72,1,1,2,0,1,1,1,56.24,1160.53,Low
MINE-001,Pit-A,0.404,9.39,31.09,61.49,21,96.97,1,1,1,0,2,1,1,68.72,1479.28,Medium
MINE-003,Pit-A,0.942,21.17,38.65,66.08,26,90.56,1,1,1,0,0,1,0,91.46,1730.31,Medium
MINE-001,Pit-C,0.541,37.8,33.07,75.94,87,76.34,1,1,1,1,1,1,1,75.92,1138.72,Medium
MINE-003,Pit-C,0.682,16.24,27.64,86.7,49,85.61,1,1,2,0,1,0,1,78.46,1511.77,Medium
MINE-003,Pit-A,0.395,19.68,26.89,86.06,78,81.63,0,1,1,2,0,1,1,79.82,2497.4,Medium
MINE-002,Pit-C,1.012,27.48,27.05,76.96,65,94.01,1,1,1,0,0,1,0,79.32,1302.78,Medium
MINE-001,Pit-B,0.05,23.1,32.96,58.95,15,83.9,1,1,1,2,0,1,1,100.0,1651.51,Low
MINE-002,Workshop,0.123,23.16,29.63,65.31,65,87.36,1,1,1,0,2,1,1,77.46,2158.32,Low
MINE-001,Workshop,0.683,17.05,32.33,79.65,42,100.0,1,0,1,1,1,1,1,53.23,995.18,High
MINE-003,Workshop,1.163,17.24,34.75,62.09,70,94.82,0,1,0,0,1,1,1,73.17,2477.99,High
MINE-003,Pit-B,0.471,10.45,39.11,56.8,37,84.01,1,1,0,2,1,1,1,78.89,1491.15,High
MINE-001,Pit-C,0.255,22.86,29.73,77.91,47,95.95,1,1,2,0,2,1,1,61.61,1273.47,Medium
MINE-002,Coal-Handling,0.9,22.64,25.37,71.42,35,86.69,0,1,0,2,0,1,1,74.91,2493.87,High
MINE-002,Pit-C,0.663,25.17,38.17,69.47,39,95.94,1,0,1,1,2,0,1,75.07,2235.88,High
MINE-002,Pit-A,1.002,13.12,25.17,85.32,41,88.53,1,1,1,1,2,1,1,100.0,1287.57,Medium
MINE-002,Underground-Zone-1,0.098,26.3,25.01,85.07,51,85.24,0,1,1,2,3,1,0,69.19,1609.17,High
MINE-003,Workshop,0.974,29.33,38.07,93.37,27,84.68,1,1,1,2,0,1,1,90.34,1941.79,High
MINE-003,Pit-C,0.05,5.86,35.26,64.18,40,92.73,0,1,0,1,0,1,1,76.1,1636.51,Medium
MINE-003,Coal-Handling,0.449,15.03,32.94,77.16,44,96.48,1,0,1,0,0,1,1,89.18,2442.18,Medium
MINE-003,Pit-A,0.694,29.75,30.8,72.23,94,93.23,1,1,1,0,0,1,1,96.14,2231.65,Low
MINE-003,Pit-B,0.615,11.5,30.04,76.06,93,88.4,1,1,1,0,3,0,1,82.96,400.0,Medium
MINE-002,Pit-B,0.921,23.29,28.4,58.39,85,80.22,1,1,2,0,1,1,1,77.25,1386.86,Low
MINE-002,Coal-Handling,0.05,18.09,29.87,55.17,19,87.16,1,1,0,0,1,1,1,92.93,1529.93,Low
MINE-002,Pit-A,0.599,21.31,30.81,71.52,41,83.49,1,1,2,1,2,1,0,58.98,1564.79,Medium
MINE-002,Workshop,0.97,18.39,25.5,61.89,8,99.21,1,1,2,1,1,0,1,80.25,2023.02,Medium
MINE-003,Pit-C,0.571,25.46,27.72,83.26,26,88.61,1,1,0,0,0,1,1,61.8,2367.39,Medium
MINE-003,Pit-A,0.15,7.78,22.55,53.99,85,92.8,1,1,2,1,4,1,1,88.4,1479.73,Medium
MINE-003,Pit-B,0.903,8.87,31.31,54.98,26,88.94,1,1,1,0,1,1,1,79.28,1236.56,Medium
MINE-001,Coal-Handling,0.323,32.65,31.31,67.0,85,93.58,0,0,1,2,1,1,1,77.06,1638.02,High
MINE-002,Coal-Handling,0.261,39.0,38.11,53.54,82,95.31,0,1,1,0,1,1,0,73.19,717.45,High
MINE-002,Pit-C,0.217,17.95,32.5,92.11,82,100.0,1,0,1,1,1,1,1,86.8,2148.43,Medium
MINE-003,Coal-Handling,0.48,35.15,28.78,69.8,21,88.26,1,1,1,2,1,1,1,54.77,1737.4,Medium
MINE-002,Coal-Handling,0.614,10.28,30.2,64.77,76,97.26,1,1,1,0,2,1,1,100.0,1592.65,Low
MINE-002,Pit-A,0.106,12.68,32.95,77.62,94,92.67,0,0,1,1,1,1,1,76.15,1909.38,High
MINE-003,Workshop,0.178,32.57,31.91,82.61,98,87.53,1,0,1,2,2,0,1,61.1,1341.16,High
MINE-001,Pit-C,0.307,26.04,33.31,74.48,90,87.96,1,1,1,0,1,1,1,43.82,1624.93,Medium
MINE-001,Pit-A,0.216,34.06,32.51,71.18,84,93.83,1,1,2,2,1,0,1,75.81,1460.82,Medium
MINE-001,Workshop,0.563,22.69,29.99,60.2,98,89.22,1,1,2,1,3,1,1,80.99,853.04,Medium
MINE-003,Pit-A,0.676,7.87,28.86,79.57,84,91.63,1,1,2,0,0,1,1,81.97,1796.65,Low
MINE-002,Underground-Zone-1,0.628,20.24,28.64,89.0,42,94.99,1,1,2,0,1,1,0,59.15,3058.86,Medium
MINE-003,Pit-A,0.629,30.02,27.3,69.36,28,100.0,1,1,1,1,0,1,1,62.01,1813.97,Medium
MINE-003,Coal-Handling,1.135,16.67,26.67,61.81,10,91.19,0,1,1,2,2,1,0,95.63,1413.42,High
